year,issue_date,week,song,artist
1958,,,,
1958,1958-08-04,1958-08-04,Poor Little Fool,Ricky Nelson
1958,1958-08-18,1958-08-18,"Volare (Nel blu dipinto di blu) ""†",Domenico Modugno
1958,1958-08-25,1958-08-25,Little Star,The Elegants
1958,1958-09-01,1958-09-01,"Volare (Nel blu dipinto di blu)""†",Domenico Modugno
1958,1958-09-29,1958-09-29,It's All in the Game,Tommy Edwards
1958,1958-11-10,1958-11-10,It's Only Make Believe,Conway Twitty
1958,1958-11-17,1958-11-17,Tom Dooley,The Kingston Trio
1958,1958-11-24,1958-11-24,It's Only Make Believe,Conway Twitty
1958,1958-12-01,1958-12-01,To Know Him Is to Love Him,The Teddy Bears
1958,1958-12-22,1958-12-22,The Chipmunk Song (Christmas Don't Be Late),The Chipmunks with David Seville
1959,,,,
1959,1959-01-05,1959-01-05,The Chipmunk Song,The Chipmunks with David Seville
1959,1959-01-19,1959-01-19,Smoke Gets in Your Eyes,The Platters
1959,1959-02-09,1959-02-09,Stagger Lee,Lloyd Price
1959,1959-03-09,1959-03-09,Venus,Frankie Avalon
1959,1959-04-13,1959-04-13,Come Softly to Me,The Fleetwoods
1959,1959-05-11,1959-05-11,The Happy Organ,"Dave ""Baby"" Cortez"
1959,1959-05-18,1959-05-18,Kansas City,Wilbert Harrison
1959,1959-06-01,1959-06-01,"The Battle of New Orleans "" †",Johnny Horton
1959,1959-07-13,1959-07-13,Lonely Boy,Paul Anka
1959,1959-08-10,1959-08-10,A Big Hunk o' Love,Elvis Presley
1959,1959-08-24,1959-08-24,The Three Bells,The Browns
1959,1959-09-21,1959-09-21,Sleep Walk,Santo & Johnny
1959,1959-10-05,1959-10-05,Mack the Knife,Bobby Darin
1959,1959-11-16,1959-11-16,Mr. Blue,The Fleetwoods
1959,1959-11-23,1959-11-23,Mack the Knife,Bobby Darin
1959,1959-12-14,1959-12-14,Heartaches by the Number,Guy Mitchell
1959,1959-12-28,1959-12-28,Why,Frankie Avalon
1960,,,,
1960,1960-01-04,1960-01-04,El Paso,Marty Robbins
1960,1960-01-18,1960-01-18,Running Bear,Johnny Preston
1960,1960-02-08,1960-02-08,Teen Angel,Mark Dinning
1960,1960-02-22,1960-02-22,Theme from A Summer Place,Percy Faith
1960,1960-04-25,1960-04-25,Stuck on You,Elvis Presley
1960,1960-05-23,1960-05-23,Cathy's Clown,The Everly Brothers
1960,1960-06-27,1960-06-27,Everybody's Somebody's Fool,Connie Francis
1960,1960-07-11,1960-07-11,Alley Oop,Hollywood Argyles
1960,1960-07-18,1960-07-18,I'm Sorry,Brenda Lee
1960,1960-08-08,1960-08-08,Itsy Bitsy Teenie Weenie Yellow Polkadot Bikini,Brian Hyland
1960,1960-08-15,1960-08-15,It's Now or Never,Elvis Presley
1960,1960-09-19,1960-09-19,The Twist,Chubby Checker
1960,1960-09-26,1960-09-26,My Heart Has a Mind of Its Own,Connie Francis
1960,1960-10-10,1960-10-10,Mr. Custer,Larry Verne
1960,1960-10-17,1960-10-17,Save the Last Dance for Me,The Drifters
1960,1960-10-24,1960-10-24,I Want to Be Wanted,Brenda Lee
1960,1960-10-31,1960-10-31,Save the Last Dance for Me,The Drifters
1960,1960-11-14,1960-11-14,Georgia on My Mind,Ray Charles
1960,1960-11-21,1960-11-21,Stay,Maurice Williams and the Zodiacs
1960,1960-11-28,1960-11-28,Are You Lonesome Tonight?,Elvis Presley
1961,,,,
1961,1961-01-02,1961-01-02,Are You Lonesome Tonight?,Elvis Presley
1961,1961-01-09,1961-01-09,Wonderland by Night,Bert Kaempfert
1961,1961-01-30,1961-01-30,Will You Love Me Tomorrow,The Shirelles
1961,1961-02-13,1961-02-13,Calcutta,Lawrence Welk
1961,1961-02-27,1961-02-27,Pony Time,Chubby Checker
1961,1961-03-20,1961-03-20,Surrender,Elvis Presley
1961,1961-04-03,1961-04-03,Blue Moon,The Marcels
1961,1961-04-24,1961-04-24,Runaway,Del Shannon
1961,1961-05-22,1961-05-22,Mother-in-Law,Ernie K-Doe
1961,1961-05-29,1961-05-29,Travelin' Man,Ricky Nelson
1961,1961-06-05,1961-06-05,Running Scared,Roy Orbison
1961,1961-06-12,1961-06-12,Travelin' Man,Ricky Nelson
1961,1961-06-19,1961-06-19,Moody River,Pat Boone
1961,1961-06-26,1961-06-26,Quarter to Three,Gary U.S. Bonds
1961,1961-07-10,1961-07-10,Tossin' and Turnin,Bobby Lewis
1961,1961-08-28,1961-08-28,Wooden Heart,Joe Dowell
1961,1961-09-04,1961-09-04,Michael,The Highwaymen
1961,1961-09-18,1961-09-18,Take Good Care of My Baby,Bobby Vee
1961,1961-10-09,1961-10-09,Hit the Road Jack,Ray Charles
1961,1961-10-23,1961-10-23,Runaround Sue,Dion
1961,1961-11-06,1961-11-06,Big Bad John,Jimmy Dean
1961,1961-12-11,1961-12-11,Please Mr. Postman,The Marvelettes
1961,1961-12-18,1961-12-18,The Lion Sleeps Tonight,The Tokens
1962,,,,
1962,1962-01-06,1962-01-06,The Lion Sleeps Tonight,The Tokens
1962,1962-01-13,1962-01-13,The Twist,Chubby Checker
1962,1962-01-27,1962-01-27,Peppermint Twist,Joey Dee and the Starliters
1962,1962-02-17,1962-02-17,Duke of Earl,Gene Chandler
1962,1962-03-10,1962-03-10,Hey! Baby,Bruce Channel
1962,1962-03-31,1962-03-31,Don't Break the Heart That Loves You,Connie Francis
1962,1962-04-07,1962-04-07,Johnny Angel,Shelley Fabares
1962,1962-04-21,1962-04-21,Good Luck Charm,Elvis Presley
1962,1962-05-05,1962-05-05,Soldier Boy,The Shirelles
1962,1962-05-26,1962-05-26,Stranger on the Shore,Mr. Acker Bilk
1962,1962-06-02,1962-06-02,I Can't Stop Loving You,Ray Charles
1962,1962-07-07,1962-07-07,The Stripper,David Rose
1962,1962-07-14,1962-07-14,Roses Are Red (My Love),Bobby Vinton
1962,1962-08-11,1962-08-11,Breaking Up Is Hard to Do,Neil Sedaka
1962,1962-08-25,1962-08-25,The Loco-Motion,Little Eva
1962,1962-09-01,1962-09-01,Sheila,Tommy Roe
1962,1962-09-15,1962-09-15,Sherry,The Four Seasons
1962,1962-10-20,1962-10-20,Monster Mash,Bobby 'Boris' Pickett & the Crypt-Kickers
1962,1962-11-03,1962-11-03,He's a Rebel,The Crystals
1962,1962-11-17,1962-11-17,Big Girls Don't Cry,The Four Seasons
1962,1962-12-22,1962-12-22,Telstar,The Tornados
1963,,,,
1963,1963-01-05,1963-01-05,Telstar,The Tornados
1963,1963-01-12,1963-01-12,Go Away Little Girl,Steve Lawrence
1963,1963-01-26,1963-01-26,Walk Right In,The Rooftop Singers
1963,1963-02-09,1963-02-09,Hey Paula,Paul & Paula
1963,1963-03-02,1963-03-02,Walk Like a Man,The Four Seasons
1963,1963-03-23,1963-03-23,Our Day Will Come,Ruby & the Romantics
1963,1963-03-30,1963-03-30,He's So Fine,The Chiffons
1963,1963-04-27,1963-04-27,I Will Follow Him,Little Peggy March
1963,1963-05-18,1963-05-18,If You Wanna Be Happy,Jimmy Soul
1963,1963-06-01,1963-06-01,It's My Party,Lesley Gore
1963,1963-06-15,1963-06-15,Sukiyaki,Kyu Sakamoto
1963,1963-07-06,1963-07-06,Easier Said Than Done,The Essex
1963,1963-07-20,1963-07-20,Surf City,Jan and Dean
1963,1963-08-03,1963-08-03,So Much in Love,The Tymes
1963,1963-08-10,1963-08-10,Fingertips,Little Stevie Wonder
1963,1963-08-31,1963-08-31,My Boyfriend's Back,The Angels
1963,1963-09-21,1963-09-21,Blue Velvet,Bobby Vinton
1963,1963-10-12,1963-10-12,"Sugar Shack ""†",Jimmy Gilmer and the Fireballs
1963,1963-11-16,1963-11-16,Deep Purple,Nino Tempo & April Stevens
1963,1963-11-23,1963-11-23,I'm Leaving It Up to You,Dale & Grace
1963,1963-12-07,1963-12-07,Dominique,The Singing Nun
1964,,,,
1964,1964-01-04,1964-01-04,There! I've Said It Again,Bobby Vinton
1964,1964-02-01,1964-02-01,I Want to Hold Your Hand,The Beatles
1964,1964-03-21,1964-03-21,She Loves You,[ 12 ]
1964,1964-04-04,1964-04-04,Can't Buy Me Love,[ 14 ]
1964,1964-05-09,1964-05-09,"Hello, Dolly!",Louis Armstrong
1964,1964-05-16,1964-05-16,My Guy,Mary Wells
1964,1964-05-30,1964-05-30,Love Me Do,The Beatles
1964,1964-06-06,1964-06-06,Chapel of Love,The Dixie Cups
1964,1964-06-27,1964-06-27,A World Without Love,Peter and Gordon
1964,1964-07-04,1964-07-04,I Get Around,The Beach Boys
1964,1964-07-18,1964-07-18,Rag Doll,The Four Seasons
1964,1964-08-01,1964-08-01,A Hard Day's Night,The Beatles
1964,1964-08-15,1964-08-15,Everybody Loves Somebody,Dean Martin
1964,1964-08-22,1964-08-22,Where Did Our Love Go,The Supremes
1964,1964-09-05,1964-09-05,The House of the Rising Sun,The Animals
1964,1964-09-26,1964-09-26,"Oh, Pretty Woman",Roy Orbison
1964,1964-10-17,1964-10-17,Do Wah Diddy Diddy,Manfred Mann
1964,1964-10-31,1964-10-31,Baby Love,The Supremes
1964,1964-11-28,1964-11-28,Leader of the Pack,The Shangri-Las
1964,1964-12-05,1964-12-05,Ringo,Lorne Greene
1964,1964-12-12,1964-12-12,Mr. Lonely,Bobby Vinton
1964,1964-12-19,1964-12-19,Come See About Me,The Supremes
1964,1964-12-26,1964-12-26,I Feel Fine,The Beatles
1965,,,,
1965,1965-01-02,1965-01-02,I Feel Fine,The Beatles
1965,1965-01-16,1965-01-16,Come See About Me,The Supremes
1965,1965-01-23,1965-01-23,Downtown,Petula Clark
1965,1965-02-06,1965-02-06,You've Lost That Lovin' Feelin,The Righteous Brothers
1965,1965-02-20,1965-02-20,This Diamond Ring,Gary Lewis & the Playboys
1965,1965-03-06,1965-03-06,My Girl,The Temptations
1965,1965-03-13,1965-03-13,Eight Days a Week,The Beatles
1965,1965-03-27,1965-03-27,Stop! In the Name of Love,The Supremes
1965,1965-04-10,1965-04-10,I'm Telling You Now,Freddie and the Dreamers
1965,1965-04-24,1965-04-24,The Game of Love,Wayne Fontana and the Mindbenders
1965,1965-05-01,1965-05-01,"Mrs. Brown, You've Got a Lovely Daughter",Herman's Hermits
1965,1965-05-22,1965-05-22,Ticket to Ride,The Beatles
1965,1965-05-29,1965-05-29,"Help Me, Rhonda",The Beach Boys
1965,1965-06-12,1965-06-12,Back in My Arms Again,The Supremes
1965,1965-06-19,1965-06-19,I Can't Help Myself (Sugar Pie Honey Bunch),Four Tops
1965,1965-06-26,1965-06-26,Mr. Tambourine Man,The Byrds
1965,1965-07-03,1965-07-03,I Can't Help Myself (Sugar Pie Honey Bunch),Four Tops
1965,1965-07-10,1965-07-10,(I Can't Get No) Satisfaction,The Rolling Stones
1965,1965-08-07,1965-08-07,"I'm Henry VIII, I Am",Herman's Hermits
1965,1965-08-14,1965-08-14,I Got You Babe,Sonny & Cher
1965,1965-09-04,1965-09-04,Help!,The Beatles
1965,1965-09-25,1965-09-25,Eve of Destruction,Barry McGuire
1965,1965-10-02,1965-10-02,Hang On Sloopy,The McCoys
1965,1965-10-09,1965-10-09,Yesterday,The Beatles
1965,1965-11-06,1965-11-06,Get Off of My Cloud,The Rolling Stones
1965,1965-11-20,1965-11-20,I Hear a Symphony,The Supremes
1965,1965-12-04,1965-12-04,Turn! Turn! Turn! (To Everything There Is a Season),The Byrds
1965,1965-12-25,1965-12-25,Over and Over,The Dave Clark Five
1966,,,,
1966,1966-01-01,1966-01-01,The Sound of Silence,Simon & Garfunkel
1966,1966-01-08,1966-01-08,We Can Work It Out,The Beatles
1966,1966-01-22,1966-01-22,The Sound of Silence,Simon & Garfunkel
1966,1966-01-29,1966-01-29,We Can Work It Out,The Beatles
1966,1966-02-05,1966-02-05,My Love,Petula Clark
1966,1966-02-19,1966-02-19,Lightnin' Strikes,Lou Christie
1966,1966-02-26,1966-02-26,These Boots Are Made for Walkin,Nancy Sinatra
1966,1966-03-05,1966-03-05,The Ballad of the Green Berets,SSgt Barry Sadler
1966,1966-04-09,1966-04-09,(You're My) Soul and Inspiration,The Righteous Brothers
1966,1966-04-30,1966-04-30,Good Lovin,The Young Rascals
1966,1966-05-07,1966-05-07,"Monday, Monday",The Mamas & the Papas
1966,1966-05-28,1966-05-28,When a Man Loves a Woman,Percy Sledge
1966,1966-06-11,1966-06-11,Paint It Black,The Rolling Stones
1966,1966-06-25,1966-06-25,Paperback Writer,The Beatles
1966,1966-07-02,1966-07-02,Strangers in the Night,Frank Sinatra
1966,1966-07-09,1966-07-09,Paperback Writer,The Beatles
1966,1966-07-16,1966-07-16,Hanky Panky,Tommy James and the Shondells
1966,1966-07-30,1966-07-30,Wild Thing,The Troggs
1966,1966-08-13,1966-08-13,Summer in the City,The Lovin' Spoonful
1966,1966-09-03,1966-09-03,Sunshine Superman,Donovan
1966,1966-09-10,1966-09-10,You Can't Hurry Love,The Supremes
1966,1966-09-24,1966-09-24,Cherish,The Association
1966,1966-10-15,1966-10-15,Reach Out I'll Be There,Four Tops
1966,1966-10-29,1966-10-29,96 Tears,? and the Mysterians
1966,1966-11-05,1966-11-05,Last Train to Clarksville,The Monkees
1966,1966-11-12,1966-11-12,Poor Side of Town,Johnny Rivers
1966,1966-11-19,1966-11-19,You Keep Me Hangin' On,The Supremes
1966,1966-12-03,1966-12-03,Winchester Cathedral,The New Vaudeville Band
1966,1966-12-10,1966-12-10,Good Vibrations,The Beach Boys
1966,1966-12-17,1966-12-17,Winchester Cathedral,The New Vaudeville Band
1966,1966-12-31,1966-12-31,I'm a Believer,The Monkees
1967,,,,
1967,1967-01-07,1967-01-07,I'm a Believer,The Monkees
1967,1967-02-18,1967-02-18,Kind of a Drag,The Buckinghams
1967,1967-03-04,1967-03-04,Ruby Tuesday,The Rolling Stones
1967,1967-03-11,1967-03-11,Love Is Here and Now You're Gone,The Supremes
1967,1967-03-18,1967-03-18,Penny Lane,The Beatles
1967,1967-03-25,1967-03-25,Happy Together,The Turtles
1967,1967-04-15,1967-04-15,Somethin' Stupid,Nancy Sinatra and Frank Sinatra
1967,1967-05-13,1967-05-13,The Happening,The Supremes
1967,1967-05-20,1967-05-20,Groovin,The Young Rascals
1967,1967-06-03,1967-06-03,Respect,Aretha Franklin
1967,1967-06-17,1967-06-17,Groovin,The Young Rascals
1967,1967-07-01,1967-07-01,Windy,The Association
1967,1967-07-29,1967-07-29,Light My Fire,The Doors
1967,1967-08-19,1967-08-19,All You Need Is Love,The Beatles
1967,1967-08-26,1967-08-26,Ode to Billie Joe,Bobbie Gentry
1967,1967-09-23,1967-09-23,The Letter,The Box Tops
1967,1967-10-21,1967-10-21,To Sir With Love,Lulu
1967,1967-11-25,1967-11-25,Incense and Peppermints,Strawberry Alarm Clock
1967,1967-12-02,1967-12-02,Daydream Believer,The Monkees
1967,1967-12-30,1967-12-30,"Hello, Goodbye",The Beatles
1968,,,,
1968,1968-01-06,1968-01-06,"Hello, Goodbye",The Beatles
1968,1968-01-20,1968-01-20,Judy in Disguise (With Glasses),John Fred and His Playboy Band
1968,1968-02-03,1968-02-03,Green Tambourine,The Lemon Pipers
1968,1968-02-10,1968-02-10,Love is Blue,Paul Mauriat
1968,1968-03-16,1968-03-16,(Sittin' On) The Dock of the Bay,Otis Redding
1968,1968-04-13,1968-04-13,Honey,Bobby Goldsboro
1968,1968-05-18,1968-05-18,Tighten Up,Archie Bell & the Drells
1968,1968-06-01,1968-06-01,Mrs. Robinson,Simon & Garfunkel
1968,1968-06-22,1968-06-22,This Guy's in Love with You,Herb Alpert
1968,1968-07-20,1968-07-20,Grazing in the Grass,Hugh Masekela
1968,1968-08-03,1968-08-03,"Hello, I Love You",The Doors
1968,1968-08-17,1968-08-17,People Got to Be Free,The Rascals
1968,1968-09-21,1968-09-21,Harper Valley PTA,Jeannie C. Riley
1968,1968-09-28,1968-09-28,Hey Jude,The Beatles
1968,1968-11-30,1968-11-30,Love Child,Diana Ross & the Supremes
1968,1968-12-14,1968-12-14,I Heard It Through the Grapevine,Marvin Gaye
1969,,,,
1969,1969-01-04,1969-01-04,I Heard It Through the Grapevine,Marvin Gaye
1969,1969-02-01,1969-02-01,Crimson and Clover,Tommy James and the Shondells
1969,1969-02-15,1969-02-15,Everyday People,Sly & the Family Stone
1969,1969-03-15,1969-03-15,Dizzy,Tommy Roe
1969,1969-04-12,1969-04-12,Aquarius/Let the Sunshine In,The 5th Dimension
1969,1969-05-24,1969-05-24,Get Back,The Beatles with Billy Preston
1969,1969-06-28,1969-06-28,Love Theme from Romeo and Juliet,Henry Mancini
1969,1969-07-12,1969-07-12,In the Year 2525,Zager and Evans
1969,1969-08-23,1969-08-23,Honky Tonk Women,The Rolling Stones
1969,1969-09-20,1969-09-20,"Sugar, Sugar",The Archies
1969,1969-10-18,1969-10-18,I Can't Get Next to You,The Temptations
1969,1969-11-01,1969-11-01,Suspicious Minds,Elvis Presley
1969,1969-11-08,1969-11-08,Wedding Bell Blues,The 5th Dimension
1969,1969-11-29,1969-11-29,"Come Together "" / "" Something",The Beatles
1969,1969-12-06,1969-12-06,Na Na Hey Hey Kiss Him Goodbye,Steam
1969,1969-12-20,1969-12-20,Leaving on a Jet Plane,"Peter, Paul and Mary"
1969,1969-12-27,1969-12-27,Someday We'll Be Together,Diana Ross & the Supremes
1970,,,,
1970,1970-01-03,1970-01-03,Raindrops Keep Fallin' on My Head,B. J. Thomas
1970,1970-01-31,1970-01-31,I Want You Back,The Jackson 5
1970,1970-02-07,1970-02-07,Venus,Shocking Blue
1970,1970-02-14,1970-02-14,"Thank You (Falettinme Be Mice Elf Agin) "" / "" Everybody Is a Star",Sly & the Family Stone
1970,1970-02-28,1970-02-28,Bridge over Troubled Water,Simon & Garfunkel
1970,1970-04-11,1970-04-11,Let It Be,The Beatles
1970,1970-04-25,1970-04-25,ABC,The Jackson 5
1970,1970-05-09,1970-05-09,"American Woman "" / "" No Sugar Tonight",The Guess Who
1970,1970-05-30,1970-05-30,Everything Is Beautiful,Ray Stevens
1970,1970-06-13,1970-06-13,"The Long and Winding Road "" / "" For You Blue",The Beatles
1970,1970-06-27,1970-06-27,The Love You Save,The Jackson 5
1970,1970-07-11,1970-07-11,Mama Told Me (Not to Come),Three Dog Night
1970,1970-07-25,1970-07-25,(They Long to Be) Close to You,The Carpenters
1970,1970-08-22,1970-08-22,Make It with You,Bread
1970,1970-08-29,1970-08-29,War,Edwin Starr
1970,1970-09-19,1970-09-19,Ain't No Mountain High Enough,Diana Ross
1970,1970-10-10,1970-10-10,Cracklin' Rosie,Neil Diamond
1970,1970-10-17,1970-10-17,I'll Be There,The Jackson 5
1970,1970-11-21,1970-11-21,I Think I Love You,The Partridge Family
1970,1970-12-12,1970-12-12,The Tears of a Clown,Smokey Robinson & the Miracles
1970,1970-12-26,1970-12-26,"My Sweet Lord "" / "" Isn't It a Pity",George Harrison
1971,,,,
1971,1971-01-02,1971-01-02,"My Sweet Lord "" / "" Isn't It a Pity",George Harrison
1971,1971-01-23,1971-01-23,Knock Three Times,Dawn
1971,1971-02-13,1971-02-13,One Bad Apple,The Osmonds
1971,1971-03-20,1971-03-20,Me and Bobby McGee,Janis Joplin
1971,1971-04-03,1971-04-03,Just My Imagination (Running Away with Me),The Temptations
1971,1971-04-17,1971-04-17,Joy to the World,Three Dog Night
1971,1971-05-29,1971-05-29,Brown Sugar,The Rolling Stones
1971,1971-06-12,1971-06-12,Want Ads,Honey Cone
1971,1971-06-19,1971-06-19,"It's Too Late "" / "" I Feel the Earth Move",Carole King
1971,1971-07-24,1971-07-24,Indian Reservation (The Lament of the Cherokee Reservation Indian),The Raiders
1971,1971-07-31,1971-07-31,You've Got a Friend,James Taylor
1971,1971-08-07,1971-08-07,How Can You Mend a Broken Heart,Bee Gees
1971,1971-09-04,1971-09-04,Uncle Albert/Admiral Halsey,Paul & Linda McCartney
1971,1971-09-11,1971-09-11,Go Away Little Girl,Donny Osmond
1971,1971-10-02,1971-10-02,"Maggie May "" / "" Reason to Believe",Rod Stewart
1971,1971-11-06,1971-11-06,"Gypsys, Tramps & Thieves",Cher
1971,1971-11-20,1971-11-20,Theme from Shaft,Isaac Hayes
1971,1971-12-04,1971-12-04,Family Affair,Sly and the Family Stone
1971,1971-12-25,1971-12-25,Brand New Key,Melanie
1972,,,,
1972,1972-01-01,1972-01-01,Brand New Key,Melanie
1972,1972-01-15,1972-01-15,American Pie,Don McLean
1972,1972-02-12,1972-02-12,Let's Stay Together,Al Green
1972,1972-02-19,1972-02-19,Without You,Nilsson
1972,1972-03-18,1972-03-18,Heart of Gold,Neil Young
1972,1972-03-25,1972-03-25,A Horse with No Name,America
1972,1972-04-15,1972-04-15,"The First Time Ever I Saw Your Face ""†",Roberta Flack
1972,1972-05-27,1972-05-27,Oh Girl,The Chi-Lites
1972,1972-06-03,1972-06-03,I'll Take You There,The Staple Singers
1972,1972-06-10,1972-06-10,The Candy Man,Sammy Davis Jr.
1972,1972-07-01,1972-07-01,Song Sung Blue,Neil Diamond
1972,1972-07-08,1972-07-08,Lean on Me,Bill Withers
1972,1972-07-29,1972-07-29,Alone Again (Naturally),Gilbert O'Sullivan
1972,1972-08-26,1972-08-26,Brandy (You're a Fine Girl),Looking Glass
1972,1972-09-02,1972-09-02,Alone Again (Naturally),Gilbert O'Sullivan
1972,1972-09-16,1972-09-16,Black and White,Three Dog Night
1972,1972-09-23,1972-09-23,"Baby, Don't Get Hooked on Me",Mac Davis
1972,1972-10-14,1972-10-14,Ben,Michael Jackson
1972,1972-10-21,1972-10-21,My Ding-a-Ling,Chuck Berry
1972,1972-11-04,1972-11-04,I Can See Clearly Now,Johnny Nash
1972,1972-12-02,1972-12-02,Papa Was a Rollin' Stone,The Temptations
1972,1972-12-09,1972-12-09,I Am Woman,Helen Reddy
1972,1972-12-16,1972-12-16,Me and Mrs. Jones,Billy Paul
1973,,,,
1973,1973-01-06,1973-01-06,You're So Vain,Carly Simon
1973,1973-01-27,1973-01-27,Superstition,Stevie Wonder
1973,1973-02-03,1973-02-03,Crocodile Rock,Elton John
1973,1973-02-24,1973-02-24,Killing Me Softly with His Song,Roberta Flack
1973,1973-03-24,1973-03-24,Love Train,The O'Jays
1973,1973-03-31,1973-03-31,Killing Me Softly with His Song,Roberta Flack
1973,1973-04-07,1973-04-07,The Night the Lights Went Out in Georgia,Vicki Lawrence
1973,1973-04-21,1973-04-21,Tie a Yellow Ribbon Round the Ole Oak Tree,Dawn featuring Tony Orlando
1973,1973-05-19,1973-05-19,You Are the Sunshine of My Life,Stevie Wonder
1973,1973-05-26,1973-05-26,Frankenstein,The Edgar Winter Group
1973,1973-06-02,1973-06-02,My Love,Paul McCartney & Wings
1973,1973-06-30,1973-06-30,Give Me Love (Give Me Peace on Earth),George Harrison
1973,1973-07-07,1973-07-07,Will It Go Round in Circles,Billy Preston
1973,1973-07-21,1973-07-21,"Bad, Bad Leroy Brown",Jim Croce
1973,1973-08-04,1973-08-04,The Morning After,Maureen McGovern
1973,1973-08-18,1973-08-18,Touch Me in the Morning,Diana Ross
1973,1973-08-25,1973-08-25,Brother Louie,Stories
1973,1973-09-08,1973-09-08,Let's Get It On,Marvin Gaye
1973,1973-09-15,1973-09-15,Delta Dawn,Helen Reddy
1973,1973-09-22,1973-09-22,Let's Get It On,Marvin Gaye
1973,1973-09-29,1973-09-29,We're an American Band,Grand Funk
1973,1973-10-06,1973-10-06,Half-Breed,Cher
1973,1973-10-20,1973-10-20,Angie,The Rolling Stones
1973,1973-10-27,1973-10-27,Midnight Train to Georgia,Gladys Knight & the Pips
1973,1973-11-10,1973-11-10,Keep on Truckin,Eddie Kendricks
1973,1973-11-24,1973-11-24,Photograph,Ringo Starr
1973,1973-12-01,1973-12-01,Top of the World,The Carpenters
1973,1973-12-15,1973-12-15,The Most Beautiful Girl,Charlie Rich
1973,1973-12-29,1973-12-29,Time in a Bottle,Jim Croce
1974,,,,
1974,1974-01-05,1974-01-05,Time in a Bottle,Jim Croce
1974,1974-01-12,1974-01-12,The Joker,Steve Miller Band
1974,1974-01-19,1974-01-19,Show and Tell,Al Wilson
1974,1974-01-26,1974-01-26,You're Sixteen,Ringo Starr
1974,1974-02-02,1974-02-02,The Way We Were,Barbra Streisand
1974,1974-02-09,1974-02-09,Love's Theme,Love Unlimited Orchestra
1974,1974-02-16,1974-02-16,The Way We Were,Barbra Streisand
1974,1974-03-02,1974-03-02,Seasons in the Sun,Terry Jacks
1974,1974-03-23,1974-03-23,Dark Lady,Cher
1974,1974-03-30,1974-03-30,Sunshine on My Shoulders,John Denver
1974,1974-04-06,1974-04-06,Hooked on a Feeling,Blue Swede
1974,1974-04-13,1974-04-13,Bennie and the Jets,Elton John
1974,1974-04-20,1974-04-20,TSOP (The Sound of Philadelphia),MFSB and The Three Degrees
1974,1974-05-04,1974-05-04,The Loco-Motion,Grand Funk
1974,1974-05-18,1974-05-18,The Streak,Ray Stevens
1974,1974-06-08,1974-06-08,Band on the Run,Paul McCartney & Wings
1974,1974-06-15,1974-06-15,Billy Don't Be a Hero,Bo Donaldson and The Heywoods
1974,1974-06-29,1974-06-29,Sundown,Gordon Lightfoot
1974,1974-07-06,1974-07-06,Rock the Boat,The Hues Corporation
1974,1974-07-13,1974-07-13,Rock Your Baby,George McCrae
1974,1974-07-27,1974-07-27,Annie's Song,John Denver
1974,1974-08-10,1974-08-10,Feel Like Makin' Love,Roberta Flack
1974,1974-08-17,1974-08-17,The Night Chicago Died,Paper Lace
1974,1974-08-24,1974-08-24,(You're) Having My Baby,Paul Anka and Odia Coates
1974,1974-09-14,1974-09-14,I Shot the Sheriff,Eric Clapton
1974,1974-09-21,1974-09-21,"Can't Get Enough of Your Love, Babe",Barry White
1974,1974-09-28,1974-09-28,Rock Me Gently,Andy Kim
1974,1974-10-05,1974-10-05,I Honestly Love You,Olivia Newton-John
1974,1974-10-19,1974-10-19,Nothing From Nothing,Billy Preston
1974,1974-10-26,1974-10-26,Then Came You,Dionne Warwick and The Spinners
1974,1974-11-02,1974-11-02,You Haven't Done Nothin,Stevie Wonder
1974,1974-11-09,1974-11-09,You Ain't Seen Nothing Yet,Bachman–Turner Overdrive
1974,1974-11-16,1974-11-16,Whatever Gets You thru the Night,John Lennon
1974,1974-11-23,1974-11-23,I Can Help,Billy Swan
1974,1974-12-07,1974-12-07,Kung Fu Fighting,Carl Douglas
1974,1974-12-21,1974-12-21,Cat's in the Cradle,Harry Chapin
1974,1974-12-28,1974-12-28,Angie Baby,Helen Reddy
1975,,,,
1975,1975-01-04,1975-01-04,Lucy in the Sky with Diamonds,Elton John
1975,1975-01-18,1975-01-18,Mandy,Barry Manilow
1975,1975-01-25,1975-01-25,Please Mr. Postman,The Carpenters
1975,1975-02-01,1975-02-01,Laughter in the Rain,Neil Sedaka
1975,1975-02-08,1975-02-08,Fire,Ohio Players
1975,1975-02-15,1975-02-15,You're No Good,Linda Ronstadt
1975,1975-02-22,1975-02-22,Pick Up the Pieces,Average White Band
1975,1975-03-01,1975-03-01,Best of My Love,Eagles
1975,1975-03-08,1975-03-08,Have You Never Been Mellow,Olivia Newton-John
1975,1975-03-15,1975-03-15,Black Water,The Doobie Brothers
1975,1975-03-22,1975-03-22,My Eyes Adored You,Frankie Valli
1975,1975-03-29,1975-03-29,Lady Marmalade,Labelle
1975,1975-04-05,1975-04-05,Lovin' You,Minnie Riperton
1975,1975-04-12,1975-04-12,Philadelphia Freedom,Elton John Band
1975,1975-04-26,1975-04-26,(Hey Won't You Play) Another Somebody Done Somebody Wrong Song,B. J. Thomas
1975,1975-05-03,1975-05-03,He Don't Love You (Like I Love You),Tony Orlando and Dawn
1975,1975-05-24,1975-05-24,Shining Star,"Earth, Wind & Fire"
1975,1975-05-31,1975-05-31,Before the Next Teardrop Falls,Freddy Fender
1975,1975-06-07,1975-06-07,Thank God I'm a Country Boy,John Denver
1975,1975-06-14,1975-06-14,Sister Golden Hair,America
1975,1975-06-21,1975-06-21,Love Will Keep Us Together,Captain & Tennille
1975,1975-07-19,1975-07-19,Listen to What the Man Said,Wings
1975,1975-07-26,1975-07-26,The Hustle,Van McCoy and the Soul City Symphony
1975,1975-08-02,1975-08-02,One of These Nights,Eagles
1975,1975-08-09,1975-08-09,Jive Talkin,Bee Gees
1975,1975-08-23,1975-08-23,Fallin' in Love,"Hamilton, Joe Frank & Reynolds"
1975,1975-08-30,1975-08-30,Get Down Tonight,KC and the Sunshine Band
1975,1975-09-06,1975-09-06,Rhinestone Cowboy,Glen Campbell
1975,1975-09-20,1975-09-20,Fame,David Bowie
1975,1975-09-27,1975-09-27,I'm Sorry,John Denver
1975,1975-10-04,1975-10-04,Fame,David Bowie
1975,1975-10-11,1975-10-11,Bad Blood,Neil Sedaka
1975,1975-11-01,1975-11-01,Island Girl,Elton John
1975,1975-11-22,1975-11-22,That's the Way (I Like It),KC and the Sunshine Band
1975,1975-11-29,1975-11-29,"Fly, Robin, Fly",Silver Convention
1975,1975-12-20,1975-12-20,That's the Way (I Like It),KC and the Sunshine Band
1975,1975-12-27,1975-12-27,Let's Do It Again,The Staple Singers
1976,,,,
1976,1976-01-03,1976-01-03,Saturday Night,Bay City Rollers
1976,1976-01-10,1976-01-10,Convoy,C. W. McCall
1976,1976-01-17,1976-01-17,I Write the Songs,Barry Manilow
1976,1976-01-24,1976-01-24,Theme from Mahogany (Do You Know Where You're Going To),Diana Ross
1976,1976-01-31,1976-01-31,Love Rollercoaster,Ohio Players
1976,1976-02-07,1976-02-07,50 Ways to Leave Your Lover,Paul Simon
1976,1976-02-28,1976-02-28,Theme from S.W.A.T.,Rhythm Heritage
1976,1976-03-06,1976-03-06,Love Machine,The Miracles
1976,1976-03-13,1976-03-13,"December, 1963 (Oh, What a Night)",The Four Seasons
1976,1976-04-03,1976-04-03,Disco Lady,Johnnie Taylor
1976,1976-05-01,1976-05-01,Let Your Love Flow,The Bellamy Brothers
1976,1976-05-08,1976-05-08,Welcome Back,John Sebastian
1976,1976-05-15,1976-05-15,Boogie Fever,The Sylvers
1976,1976-05-22,1976-05-22,Silly Love Songs,Wings
1976,1976-05-29,1976-05-29,Love Hangover,Diana Ross
1976,1976-06-12,1976-06-12,Silly Love Songs,Wings
1976,1976-07-10,1976-07-10,Afternoon Delight,Starland Vocal Band
1976,1976-07-24,1976-07-24,Kiss and Say Goodbye,The Manhattans
1976,1976-08-07,1976-08-07,Don't Go Breaking My Heart,Elton John and Kiki Dee
1976,1976-09-04,1976-09-04,You Should Be Dancing,Bee Gees
1976,1976-09-11,1976-09-11,"(Shake, Shake, Shake) Shake Your Booty",KC and the Sunshine Band
1976,1976-09-18,1976-09-18,Play That Funky Music,Wild Cherry
1976,1976-10-09,1976-10-09,A Fifth of Beethoven,Walter Murphy and the Big Apple Band
1976,1976-10-16,1976-10-16,Disco Duck,Rick Dees and His Cast of Idiots
1976,1976-10-23,1976-10-23,If You Leave Me Now,Chicago
1976,1976-11-06,1976-11-06,Rock'n Me,Steve Miller Band
1976,1976-11-13,1976-11-13,Tonight's the Night (Gonna Be Alright),Rod Stewart
1977,,,,
1977,1977-01-01,1977-01-01,Tonight's the Night (Gonna Be Alright),Rod Stewart
1977,1977-01-08,1977-01-08,You Don't Have to Be a Star (To Be in My Show),Marilyn McCoo and Billy Davis Jr.
1977,1977-01-15,1977-01-15,You Make Me Feel Like Dancing,Leo Sayer
1977,1977-01-22,1977-01-22,I Wish,Stevie Wonder
1977,1977-01-29,1977-01-29,Car Wash,Rose Royce
1977,1977-02-05,1977-02-05,Torn Between Two Lovers,Mary MacGregor
1977,1977-02-19,1977-02-19,Blinded by the Light,Manfred Mann's Earth Band
1977,1977-02-26,1977-02-26,New Kid in Town,Eagles
1977,1977-03-05,1977-03-05,Evergreen (Love Theme from A Star Is Born ),Barbra Streisand
1977,1977-03-26,1977-03-26,Rich Girl,Daryl Hall and John Oates
1977,1977-04-09,1977-04-09,Dancing Queen,ABBA
1977,1977-04-16,1977-04-16,Don't Give Up on Us,David Soul
1977,1977-04-23,1977-04-23,Don't Leave Me This Way,Thelma Houston
1977,1977-04-30,1977-04-30,Southern Nights,Glen Campbell
1977,1977-05-07,1977-05-07,Hotel California,Eagles
1977,1977-05-14,1977-05-14,When I Need You,Leo Sayer
1977,1977-05-21,1977-05-21,Sir Duke,Stevie Wonder
1977,1977-06-11,1977-06-11,I'm Your Boogie Man,KC and the Sunshine Band
1977,1977-06-18,1977-06-18,Dreams,Fleetwood Mac
1977,1977-06-25,1977-06-25,Got to Give It Up,Marvin Gaye
1977,1977-07-02,1977-07-02,Gonna Fly Now (Theme From Rocky ),Bill Conti
1977,1977-07-09,1977-07-09,Undercover Angel,Alan O'Day
1977,1977-07-16,1977-07-16,Da Doo Ron Ron,Shaun Cassidy
1977,1977-07-23,1977-07-23,Looks Like We Made It,Barry Manilow
1977,1977-07-30,1977-07-30,I Just Want to Be Your Everything,Andy Gibb
1977,1977-08-20,1977-08-20,Best of My Love,The Emotions
1977,1977-09-17,1977-09-17,I Just Want to Be Your Everything,Andy Gibb
1977,1977-09-24,1977-09-24,Best of My Love,The Emotions
1977,1977-10-01,1977-10-01,Star Wars Theme/Cantina Band,Meco
1977,1977-10-15,1977-10-15,You Light Up My Life,Debby Boone
1977,1977-12-24,1977-12-24,How Deep Is Your Love,Bee Gees
1978,,,,
1978,1978-01-07,1978-01-07,How Deep Is Your Love,Bee Gees
1978,1978-01-14,1978-01-14,Baby Come Back,Player
1978,1978-02-04,1978-02-04,Stayin' Alive,Bee Gees
1978,1978-03-04,1978-03-04,(Love Is) Thicker Than Water,Andy Gibb
1978,1978-03-18,1978-03-18,Night Fever,Bee Gees
1978,1978-05-13,1978-05-13,If I Can't Have You,Yvonne Elliman
1978,1978-05-20,1978-05-20,With a Little Luck,Wings
1978,1978-06-03,1978-06-03,"Too Much, Too Little, Too Late",Johnny Mathis and Deniece Williams
1978,1978-06-10,1978-06-10,You're the One That I Want,John Travolta and Olivia Newton-John
1978,1978-06-17,1978-06-17,Shadow Dancing,Andy Gibb
1978,1978-08-05,1978-08-05,Miss You,The Rolling Stones
1978,1978-08-12,1978-08-12,Three Times a Lady,Commodores
1978,1978-08-26,1978-08-26,Grease,Frankie Valli
1978,1978-09-09,1978-09-09,Boogie Oogie Oogie,A Taste of Honey
1978,1978-09-30,1978-09-30,Kiss You All Over,Exile
1978,1978-10-28,1978-10-28,Hot Child in the City,Nick Gilder
1978,1978-11-04,1978-11-04,You Needed Me,Anne Murray
1978,1978-11-11,1978-11-11,MacArthur Park,Donna Summer
1978,1978-12-02,1978-12-02,You Don't Bring Me Flowers,Barbra Streisand and Neil Diamond
1978,1978-12-09,1978-12-09,Le Freak,Chic
1978,1978-12-16,1978-12-16,You Don't Bring Me Flowers,Barbra Streisand and Neil Diamond
1978,1978-12-23,1978-12-23,Le Freak,Chic
1979,,,,
1979,1979-01-06,1979-01-06,Too Much Heaven,Bee Gees
1979,1979-01-20,1979-01-20,Le Freak,Chic
1979,1979-02-10,1979-02-10,Da Ya Think I'm Sexy?,Rod Stewart
1979,1979-03-10,1979-03-10,I Will Survive,Gloria Gaynor
1979,1979-03-24,1979-03-24,Tragedy,Bee Gees
1979,1979-04-07,1979-04-07,I Will Survive,Gloria Gaynor
1979,1979-04-14,1979-04-14,What a Fool Believes,The Doobie Brothers
1979,1979-04-21,1979-04-21,Knock on Wood,Amii Stewart
1979,1979-04-28,1979-04-28,Heart of Glass,Blondie
1979,1979-05-05,1979-05-05,Reunited,Peaches & Herb
1979,1979-06-02,1979-06-02,Hot Stuff,Donna Summer
1979,1979-06-09,1979-06-09,Love You Inside Out,Bee Gees
1979,1979-06-16,1979-06-16,Hot Stuff,Donna Summer
1979,1979-06-30,1979-06-30,Ring My Bell,Anita Ward
1979,1979-07-14,1979-07-14,Bad Girls,Donna Summer
1979,1979-08-18,1979-08-18,Good Times,Chic
1979,1979-08-25,1979-08-25,My Sharona,The Knack
1979,1979-10-06,1979-10-06,Sad Eyes,Robert John
1979,1979-10-13,1979-10-13,Don't Stop 'Til You Get Enough,Michael Jackson
1979,1979-10-20,1979-10-20,Rise,Herb Alpert
1979,1979-11-03,1979-11-03,Pop Muzik,M
1979,1979-11-10,1979-11-10,Heartache Tonight,Eagles
1979,1979-11-17,1979-11-17,Still,Commodores
1979,1979-11-24,1979-11-24,No More Tears (Enough Is Enough),Barbra Streisand and Donna Summer
1979,1979-12-08,1979-12-08,Babe,Styx
1979,1979-12-22,1979-12-22,Escape (The Piña Colada Song),Rupert Holmes
1980,,,,
1980,1980-01-05,1980-01-05,Please Don't Go,KC and the Sunshine Band
1980,1980-01-12,1980-01-12,Escape (The Piña Colada Song),Rupert Holmes
1980,1980-01-19,1980-01-19,Rock with You,Michael Jackson
1980,1980-02-16,1980-02-16,Do That to Me One More Time,Captain & Tennille
1980,1980-02-23,1980-02-23,Crazy Little Thing Called Love,Queen
1980,1980-03-22,1980-03-22,"Another Brick in the Wall, Part II",Pink Floyd
1980,1980-04-19,1980-04-19,Call Me,Blondie
1980,1980-05-31,1980-05-31,Funkytown,Lipps Inc.
1980,1980-06-28,1980-06-28,Coming Up,Paul McCartney
1980,1980-07-19,1980-07-19,It's Still Rock and Roll to Me,Billy Joel
1980,1980-08-02,1980-08-02,Magic,Olivia Newton-John
1980,1980-08-30,1980-08-30,Sailing,Christopher Cross
1980,1980-09-06,1980-09-06,Upside Down,Diana Ross
1980,1980-10-04,1980-10-04,Another One Bites the Dust,Queen
1980,1980-10-25,1980-10-25,Woman in Love,Barbra Streisand
1980,1980-11-15,1980-11-15,Lady,Kenny Rogers
1980,1980-12-27,1980-12-27,(Just Like) Starting Over,John Lennon
1981,,,,
1981,1981-01-03,1981-01-03,(Just Like) Starting Over,John Lennon
1981,1981-01-31,1981-01-31,The Tide Is High,Blondie
1981,1981-02-07,1981-02-07,Celebration,Kool & the Gang
1981,1981-02-21,1981-02-21,9 to 5,Dolly Parton
1981,1981-02-28,1981-02-28,I Love a Rainy Night,Eddie Rabbitt
1981,1981-03-14,1981-03-14,9 to 5,Dolly Parton
1981,1981-03-21,1981-03-21,Keep On Loving You,REO Speedwagon
1981,1981-03-28,1981-03-28,Rapture,Blondie
1981,1981-04-11,1981-04-11,Kiss on My List,Daryl Hall and John Oates
1981,1981-05-02,1981-05-02,Morning Train (Nine to Five),Sheena Easton
1981,1981-05-16,1981-05-16,Bette Davis Eyes,Kim Carnes
1981,1981-06-20,1981-06-20,"Medley: Intro 'Venus'/Sugar, Sugar/No Reply/I'll Be Back/Drive My Car/Do You Want to Know a Secret/We Can Work It Out/I Should Have Known Better/Nowhere Man/You're Going to Lose That Girl/Stars on 45",Stars on 45
1981,1981-06-27,1981-06-27,Bette Davis Eyes,Kim Carnes
1981,1981-07-25,1981-07-25,The One That You Love,Air Supply
1981,1981-08-01,1981-08-01,Jessie's Girl,Rick Springfield
1981,1981-08-15,1981-08-15,Endless Love,Diana Ross and Lionel Richie
1981,1981-10-17,1981-10-17,Arthur's Theme (Best That You Can Do),Christopher Cross
1981,1981-11-07,1981-11-07,Private Eyes,Daryl Hall and John Oates
1981,1981-11-21,1981-11-21,Physical,Olivia Newton-John
1982,,,,
1982,1982-01-02,1982-01-02,Physical,Olivia Newton-John
1982,1982-01-30,1982-01-30,I Can't Go for That (No Can Do),Daryl Hall and John Oates
1982,1982-02-06,1982-02-06,Centerfold,The J. Geils Band
1982,1982-03-20,1982-03-20,I Love Rock 'n' Roll,Joan Jett and the Blackhearts
1982,1982-05-08,1982-05-08,Chariots of Fire,Vangelis
1982,1982-05-15,1982-05-15,Ebony and Ivory,Paul McCartney and Stevie Wonder
1982,1982-07-03,1982-07-03,Don't You Want Me,The Human League
1982,1982-07-24,1982-07-24,Eye of the Tiger,Survivor
1982,1982-09-04,1982-09-04,Abracadabra,Steve Miller Band
1982,1982-09-11,1982-09-11,Hard to Say I'm Sorry,Chicago
1982,1982-09-25,1982-09-25,Abracadabra,Steve Miller Band
1982,1982-10-02,1982-10-02,Jack & Diane,John Cougar
1982,1982-10-30,1982-10-30,Who Can It Be Now?,Men at Work
1982,1982-11-06,1982-11-06,Up Where We Belong,Joe Cocker and Jennifer Warnes
1982,1982-11-27,1982-11-27,Truly,Lionel Richie
1982,1982-12-11,1982-12-11,Mickey,Toni Basil
1982,1982-12-18,1982-12-18,Maneater,Daryl Hall and John Oates
1983,,,,
1983,1983-01-01,1983-01-01,Maneater,Daryl Hall and John Oates
1983,1983-01-15,1983-01-15,Down Under,Men at Work
1983,1983-02-05,1983-02-05,Africa,Toto
1983,1983-02-12,1983-02-12,Down Under,Men at Work
1983,1983-02-19,1983-02-19,"Baby, Come to Me",Patti Austin and James Ingram
1983,1983-03-05,1983-03-05,Billie Jean,Michael Jackson
1983,1983-04-23,1983-04-23,Come On Eileen,Dexys Midnight Runners
1983,1983-04-30,1983-04-30,Beat It,Michael Jackson
1983,1983-05-21,1983-05-21,Let's Dance,David Bowie
1983,1983-05-28,1983-05-28,Flashdance... What a Feeling,Irene Cara
1983,1983-07-09,1983-07-09,Every Breath You Take,The Police
1983,1983-09-03,1983-09-03,Sweet Dreams (Are Made of This),Eurythmics
1983,1983-09-10,1983-09-10,Maniac,Michael Sembello
1983,1983-09-24,1983-09-24,Tell Her About It,Billy Joel
1983,1983-10-01,1983-10-01,Total Eclipse of the Heart,Bonnie Tyler
1983,1983-10-29,1983-10-29,Islands in the Stream,Kenny Rogers and Dolly Parton
1983,1983-11-12,1983-11-12,All Night Long (All Night),Lionel Richie
1983,1983-12-10,1983-12-10,Say Say Say,Paul McCartney and Michael Jackson
1984,,,,
1984,1984-01-07,1984-01-07,Say Say Say,Paul McCartney and Michael Jackson
1984,1984-01-21,1984-01-21,Owner of a Lonely Heart,Yes
1984,1984-02-04,1984-02-04,Karma Chameleon,Culture Club
1984,1984-02-25,1984-02-25,Jump,Van Halen
1984,1984-03-31,1984-03-31,Footloose,Kenny Loggins
1984,1984-04-21,1984-04-21,Against All Odds (Take a Look at Me Now),Phil Collins
1984,1984-05-12,1984-05-12,Hello,Lionel Richie
1984,1984-05-26,1984-05-26,Let's Hear It for the Boy,Deniece Williams
1984,1984-06-09,1984-06-09,Time After Time,Cyndi Lauper
1984,1984-06-23,1984-06-23,The Reflex,Duran Duran
1984,1984-07-07,1984-07-07,When Doves Cry,Prince
1984,1984-08-11,1984-08-11,Ghostbusters,Ray Parker Jr.
1984,1984-09-01,1984-09-01,What's Love Got to Do with It,Tina Turner
1984,1984-09-22,1984-09-22,Missing You,John Waite
1984,1984-09-29,1984-09-29,Let's Go Crazy,Prince and the Revolution
1984,1984-10-13,1984-10-13,I Just Called to Say I Love You,Stevie Wonder
1984,1984-11-03,1984-11-03,Caribbean Queen (No More Love on the Run),Billy Ocean
1984,1984-11-17,1984-11-17,Wake Me Up Before You Go-Go,Wham!
1984,1984-12-08,1984-12-08,Out of Touch,Daryl Hall and John Oates
1984,1984-12-22,1984-12-22,Like a Virgin,Madonna
1985,,,,
1985,1985-01-05,1985-01-05,Like a Virgin,Madonna
1985,1985-02-02,1985-02-02,I Want to Know What Love Is,Foreigner
1985,1985-02-16,1985-02-16,Careless Whisper,Wham! featuring George Michael
1985,1985-03-09,1985-03-09,Can't Fight This Feeling,REO Speedwagon
1985,1985-03-30,1985-03-30,One More Night,Phil Collins
1985,1985-04-13,1985-04-13,We Are the World,USA for Africa
1985,1985-05-11,1985-05-11,Crazy for You,Madonna
1985,1985-05-18,1985-05-18,Don't You (Forget About Me),Simple Minds
1985,1985-05-25,1985-05-25,Everything She Wants,Wham!
1985,1985-06-08,1985-06-08,Everybody Wants to Rule the World,Tears for Fears
1985,1985-06-22,1985-06-22,Heaven,Bryan Adams
1985,1985-07-06,1985-07-06,Sussudio,Phil Collins
1985,1985-07-13,1985-07-13,A View to a Kill,Duran Duran
1985,1985-07-27,1985-07-27,Everytime You Go Away,Paul Young
1985,1985-08-03,1985-08-03,Shout,Tears for Fears
1985,1985-08-24,1985-08-24,The Power of Love,Huey Lewis and the News
1985,1985-09-07,1985-09-07,St. Elmo's Fire (Man in Motion),John Parr
1985,1985-09-21,1985-09-21,Money for Nothing,Dire Straits
1985,1985-10-12,1985-10-12,Oh Sheila,Ready for the World
1985,1985-10-19,1985-10-19,Take On Me,a-ha
1985,1985-10-26,1985-10-26,Saving All My Love for You,Whitney Houston
1985,1985-11-02,1985-11-02,Part-Time Lover,Stevie Wonder
1985,1985-11-09,1985-11-09,Miami Vice Theme,Jan Hammer
1985,1985-11-16,1985-11-16,We Built This City,Starship
1985,1985-11-30,1985-11-30,Separate Lives,Phil Collins and Marilyn Martin
1985,1985-12-07,1985-12-07,Broken Wings,Mr. Mister
1985,1985-12-21,1985-12-21,"Say You, Say Me",Lionel Richie
1986,,,,
1986,1986-01-04,1986-01-04,"Say You, Say Me",Lionel Richie
1986,1986-01-18,1986-01-18,"That's What Friends Are For ""†",Dionne and Friends
1986,1986-02-15,1986-02-15,How Will I Know,Whitney Houston
1986,1986-03-01,1986-03-01,Kyrie,Mr. Mister
1986,1986-03-15,1986-03-15,Sara,Starship
1986,1986-03-22,1986-03-22,These Dreams,Heart
1986,1986-03-29,1986-03-29,Rock Me Amadeus,Falco
1986,1986-04-19,1986-04-19,Kiss,Prince and the Revolution
1986,1986-05-03,1986-05-03,Addicted to Love,Robert Palmer
1986,1986-05-10,1986-05-10,West End Girls,Pet Shop Boys
1986,1986-05-17,1986-05-17,Greatest Love of All,Whitney Houston
1986,1986-06-07,1986-06-07,Live to Tell,Madonna
1986,1986-06-14,1986-06-14,On My Own,Patti LaBelle and Michael McDonald
1986,1986-07-05,1986-07-05,There'll Be Sad Songs (To Make You Cry),Billy Ocean
1986,1986-07-12,1986-07-12,Holding Back the Years,Simply Red
1986,1986-07-19,1986-07-19,Invisible Touch,Genesis
1986,1986-07-26,1986-07-26,Sledgehammer,Peter Gabriel
1986,1986-08-02,1986-08-02,Glory of Love,Peter Cetera
1986,1986-08-16,1986-08-16,Papa Don't Preach,Madonna
1986,1986-08-30,1986-08-30,Higher Love,Steve Winwood
1986,1986-09-06,1986-09-06,Venus,Bananarama
1986,1986-09-13,1986-09-13,Take My Breath Away,Berlin
1986,1986-09-20,1986-09-20,Stuck with You,Huey Lewis and the News
1986,1986-10-11,1986-10-11,When I Think of You,Janet Jackson
1986,1986-10-25,1986-10-25,True Colors,Cyndi Lauper
1986,1986-11-08,1986-11-08,Amanda,Boston
1986,1986-11-22,1986-11-22,Human,The Human League
1986,1986-11-29,1986-11-29,You Give Love a Bad Name,Bon Jovi
1986,1986-12-06,1986-12-06,The Next Time I Fall,Peter Cetera and Amy Grant
1986,1986-12-13,1986-12-13,The Way It Is,Bruce Hornsby & the Range
1986,1986-12-20,1986-12-20,Walk Like an Egyptian,The Bangles
1987,,,,
1987,1987-01-03,1987-01-03,"Walk Like an Egyptian ""†",The Bangles
1987,1987-01-17,1987-01-17,Shake You Down,Gregory Abbott
1987,1987-01-24,1987-01-24,At This Moment,Billy Vera and the Beaters
1987,1987-02-07,1987-02-07,Open Your Heart,Madonna
1987,1987-02-14,1987-02-14,Livin' on a Prayer,Bon Jovi
1987,1987-03-14,1987-03-14,Jacob's Ladder,Huey Lewis and the News
1987,1987-03-21,1987-03-21,Lean on Me,Club Nouveau
1987,1987-04-04,1987-04-04,Nothing's Gonna Stop Us Now,Starship
1987,1987-04-18,1987-04-18,I Knew You Were Waiting (For Me),Aretha Franklin and George Michael
1987,1987-05-02,1987-05-02,(I Just) Died in Your Arms,Cutting Crew
1987,1987-05-16,1987-05-16,With or Without You,U2
1987,1987-06-06,1987-06-06,You Keep Me Hangin' On,Kim Wilde
1987,1987-06-13,1987-06-13,Always,Atlantic Starr
1987,1987-06-20,1987-06-20,Head to Toe,Lisa Lisa and Cult Jam
1987,1987-06-27,1987-06-27,I Wanna Dance with Somebody (Who Loves Me),Whitney Houston
1987,1987-07-11,1987-07-11,Alone,Heart
1987,1987-08-01,1987-08-01,Shakedown,Bob Seger
1987,1987-08-08,1987-08-08,I Still Haven't Found What I'm Looking For,U2
1987,1987-08-22,1987-08-22,Who's That Girl,Madonna
1987,1987-08-29,1987-08-29,La Bamba,Los Lobos
1987,1987-09-19,1987-09-19,I Just Can't Stop Loving You,Michael Jackson with Siedah Garrett
1987,1987-09-26,1987-09-26,Didn't We Almost Have It All,Whitney Houston
1987,1987-10-10,1987-10-10,Here I Go Again,Whitesnake
1987,1987-10-17,1987-10-17,Lost in Emotion,Lisa Lisa and Cult Jam
1987,1987-10-24,1987-10-24,Bad,Michael Jackson
1987,1987-11-07,1987-11-07,I Think We're Alone Now,Tiffany
1987,1987-11-21,1987-11-21,Mony Mony,Billy Idol
1987,1987-11-28,1987-11-28,(I've Had) The Time of My Life,Bill Medley and Jennifer Warnes
1987,1987-12-05,1987-12-05,Heaven Is a Place on Earth,Belinda Carlisle
1987,1987-12-12,1987-12-12,Faith,George Michael
1988,,,,
1988,1988-01-02,1988-01-02,Faith,George Michael
1988,1988-01-09,1988-01-09,So Emotional,Whitney Houston
1988,1988-01-16,1988-01-16,Got My Mind Set on You,George Harrison
1988,1988-01-23,1988-01-23,The Way You Make Me Feel,Michael Jackson
1988,1988-01-30,1988-01-30,Need You Tonight,INXS
1988,1988-02-06,1988-02-06,Could've Been,Tiffany
1988,1988-02-20,1988-02-20,Seasons Change,Exposé
1988,1988-02-27,1988-02-27,Father Figure,George Michael
1988,1988-03-12,1988-03-12,Never Gonna Give You Up,Rick Astley
1988,1988-03-26,1988-03-26,Man in the Mirror,Michael Jackson
1988,1988-04-09,1988-04-09,"Get Outta My Dreams, Get into My Car",Billy Ocean
1988,1988-04-23,1988-04-23,Where Do Broken Hearts Go,Whitney Houston
1988,1988-05-07,1988-05-07,Wishing Well,Terence Trent D'Arby
1988,1988-05-14,1988-05-14,Anything for You,Gloria Estefan and Miami Sound Machine
1988,1988-05-28,1988-05-28,One More Try,George Michael
1988,1988-06-18,1988-06-18,Together Forever,Rick Astley
1988,1988-06-25,1988-06-25,Foolish Beat,Debbie Gibson
1988,1988-07-02,1988-07-02,Dirty Diana,Michael Jackson
1988,1988-07-09,1988-07-09,The Flame,Cheap Trick
1988,1988-07-23,1988-07-23,Hold On to the Nights,Richard Marx
1988,1988-07-30,1988-07-30,Roll With It,Steve Winwood
1988,1988-08-27,1988-08-27,Monkey,George Michael
1988,1988-09-10,1988-09-10,Sweet Child o' Mine,Guns N' Roses
1988,1988-09-24,1988-09-24,"Don't Worry, Be Happy",Bobby McFerrin
1988,1988-10-08,1988-10-08,Love Bites,Def Leppard
1988,1988-10-15,1988-10-15,Red Red Wine,UB40
1988,1988-10-22,1988-10-22,A Groovy Kind of Love,Phil Collins
1988,1988-11-05,1988-11-05,Kokomo,The Beach Boys
1988,1988-11-12,1988-11-12,"Wild, Wild West",The Escape Club
1988,1988-11-19,1988-11-19,Bad Medicine,Bon Jovi
1988,1988-12-03,1988-12-03,"Baby, I Love Your Way/Freebird Medley",Will to Power
1988,1988-12-10,1988-12-10,Look Away,Chicago
1988,1988-12-24,1988-12-24,Every Rose Has Its Thorn,Poison
1989,,,,
1989,1989-01-07,1989-01-07,Every Rose Has Its Thorn,Poison
1989,1989-01-14,1989-01-14,My Prerogative,Bobby Brown
1989,1989-01-21,1989-01-21,Two Hearts,Phil Collins
1989,1989-02-04,1989-02-04,When I'm with You,Sheriff
1989,1989-02-11,1989-02-11,Straight Up,Paula Abdul
1989,1989-03-04,1989-03-04,Lost in Your Eyes,Debbie Gibson
1989,1989-03-25,1989-03-25,The Living Years,Mike + the Mechanics
1989,1989-04-01,1989-04-01,Eternal Flame,The Bangles
1989,1989-04-08,1989-04-08,The Look,Roxette
1989,1989-04-15,1989-04-15,She Drives Me Crazy,Fine Young Cannibals
1989,1989-04-22,1989-04-22,Like a Prayer,Madonna
1989,1989-05-13,1989-05-13,I'll Be There for You,Bon Jovi
1989,1989-05-20,1989-05-20,Forever Your Girl,Paula Abdul
1989,1989-06-03,1989-06-03,Rock On,Michael Damian
1989,1989-06-10,1989-06-10,Wind Beneath My Wings,Bette Midler
1989,1989-06-17,1989-06-17,I'll Be Loving You (Forever),New Kids on the Block
1989,1989-06-24,1989-06-24,Satisfied,Richard Marx
1989,1989-07-01,1989-07-01,Baby Don't Forget My Number,Milli Vanilli
1989,1989-07-08,1989-07-08,Good Thing,Fine Young Cannibals
1989,1989-07-15,1989-07-15,If You Don't Know Me by Now,Simply Red
1989,1989-07-22,1989-07-22,Toy Soldiers,Martika
1989,1989-08-05,1989-08-05,Batdance,Prince
1989,1989-08-12,1989-08-12,Right Here Waiting,Richard Marx
1989,1989-09-02,1989-09-02,Cold Hearted,Paula Abdul
1989,1989-09-09,1989-09-09,Hangin' Tough,New Kids on the Block
1989,1989-09-16,1989-09-16,Don't Wanna Lose You,Gloria Estefan
1989,1989-09-23,1989-09-23,Girl I'm Gonna Miss You,Milli Vanilli
1989,1989-10-07,1989-10-07,Miss You Much,Janet Jackson
1989,1989-11-04,1989-11-04,Listen to Your Heart,Roxette
1989,1989-11-11,1989-11-11,When I See You Smile,Bad English
1989,1989-11-25,1989-11-25,Blame It on the Rain,Milli Vanilli
1989,1989-12-09,1989-12-09,We Didn't Start the Fire,Billy Joel
1989,1989-12-23,1989-12-23,Another Day in Paradise,Phil Collins
1990,,,,
1990,1990-01-06,1990-01-06,Another Day in Paradise,Phil Collins
1990,1990-01-20,1990-01-20,How Am I Supposed to Live Without You,Michael Bolton
1990,1990-02-10,1990-02-10,Opposites Attract,Paula Abdul with The Wild Pair
1990,1990-03-03,1990-03-03,Escapade,Janet Jackson
1990,1990-03-24,1990-03-24,Black Velvet,Alannah Myles
1990,1990-04-07,1990-04-07,Love Will Lead You Back,Taylor Dayne
1990,1990-04-14,1990-04-14,I'll Be Your Everything,Tommy Page
1990,1990-04-21,1990-04-21,Nothing Compares 2 U,Sinéad O'Connor
1990,1990-05-19,1990-05-19,Vogue,Madonna
1990,1990-06-09,1990-06-09,Hold On,Wilson Phillips
1990,1990-06-16,1990-06-16,It Must Have Been Love,Roxette
1990,1990-06-30,1990-06-30,Step by Step,New Kids on the Block
1990,1990-07-21,1990-07-21,She Ain't Worth It,Glenn Medeiros featuring Bobby Brown
1990,1990-08-04,1990-08-04,Vision of Love,Mariah Carey
1990,1990-09-01,1990-09-01,If Wishes Came True,Sweet Sensation
1990,1990-09-08,1990-09-08,Blaze of Glory,Jon Bon Jovi
1990,1990-09-15,1990-09-15,Release Me,Wilson Phillips
1990,1990-09-29,1990-09-29,(Can't Live Without Your) Love and Affection,Nelson
1990,1990-10-06,1990-10-06,Close to You,Maxi Priest
1990,1990-10-13,1990-10-13,Praying for Time,George Michael
1990,1990-10-20,1990-10-20,I Don't Have the Heart,James Ingram
1990,1990-10-27,1990-10-27,Black Cat,Janet Jackson
1990,1990-11-03,1990-11-03,Ice Ice Baby,Vanilla Ice
1990,1990-11-10,1990-11-10,Love Takes Time,Mariah Carey
1990,1990-12-01,1990-12-01,I'm Your Baby Tonight,Whitney Houston
1990,1990-12-08,1990-12-08,Because I Love You (The Postman Song),Stevie B
1991,,,,
1991,1991-01-05,1991-01-05,Justify My Love,Madonna
1991,1991-01-19,1991-01-19,Love Will Never Do (Without You),Janet Jackson
1991,1991-01-26,1991-01-26,The First Time,Surface
1991,1991-02-09,1991-02-09,Gonna Make You Sweat (Everybody Dance Now),C+C Music Factory featuring Freedom Williams
1991,1991-02-23,1991-02-23,All the Man That I Need,Whitney Houston
1991,1991-03-09,1991-03-09,Someday,Mariah Carey
1991,1991-03-23,1991-03-23,One More Try,Timmy T
1991,1991-03-30,1991-03-30,Coming Out of the Dark,Gloria Estefan
1991,1991-04-13,1991-04-13,I've Been Thinking About You,Londonbeat
1991,1991-04-20,1991-04-20,You're in Love,Wilson Phillips
1991,1991-04-27,1991-04-27,Baby Baby,Amy Grant
1991,1991-05-11,1991-05-11,Joyride,Roxette
1991,1991-05-18,1991-05-18,I Like the Way (The Kissing Game),Hi-Five
1991,1991-05-25,1991-05-25,I Don't Wanna Cry,Mariah Carey
1991,1991-06-08,1991-06-08,More Than Words,Extreme
1991,1991-06-15,1991-06-15,Rush Rush,Paula Abdul
1991,1991-07-20,1991-07-20,Unbelievable,EMF
1991,1991-07-27,1991-07-27,"(Everything I Do) I Do It for You ""†",Bryan Adams
1991,1991-09-14,1991-09-14,The Promise of a New Day,Paula Abdul
1991,1991-09-21,1991-09-21,I Adore Mi Amor,Color Me Badd
1991,1991-10-05,1991-10-05,Good Vibrations,Marky Mark and the Funky Bunch featuring Loleatta Holloway
1991,1991-10-12,1991-10-12,Emotions,Mariah Carey
1991,1991-11-02,1991-11-02,Romantic,Karyn White
1991,1991-11-09,1991-11-09,Cream,Prince and the New Power Generation
1991,1991-11-23,1991-11-23,When a Man Loves a Woman,Michael Bolton
1991,1991-11-30,1991-11-30,Set Adrift on Memory Bliss,P.M. Dawn
1991,1991-12-07,1991-12-07,Black or White,Michael Jackson
1992,,,,
1992,1992-01-04,1992-01-04,Black or White,Michael Jackson
1992,1992-01-25,1992-01-25,All 4 Love,Color Me Badd
1992,1992-02-01,1992-02-01,Don't Let the Sun Go Down on Me,George Michael and Elton John
1992,1992-02-08,1992-02-08,I'm Too Sexy,Right Said Fred
1992,1992-02-29,1992-02-29,To Be with You,Mr. Big
1992,1992-03-21,1992-03-21,Save the Best for Last,Vanessa Williams
1992,1992-04-25,1992-04-25,Jump,Kris Kross
1992,1992-06-20,1992-06-20,I'll Be There,Mariah Carey
1992,1992-07-04,1992-07-04,Baby Got Back,Sir Mix-a-Lot
1992,1992-08-08,1992-08-08,This Used to Be My Playground,Madonna
1992,1992-08-15,1992-08-15,End of the Road,Boyz II Men
1992,1992-11-14,1992-11-14,How Do You Talk to an Angel,The Heights
1992,1992-11-28,1992-11-28,I Will Always Love You,Whitney Houston
1993,,,,
1993,1993-01-02,1993-01-02,I Will Always Love You,Whitney Houston
1993,1993-03-06,1993-03-06,A Whole New World,Peabo Bryson and Regina Belle
1993,1993-03-13,1993-03-13,Informer,Snow
1993,1993-05-01,1993-05-01,Freak Me,Silk
1993,1993-05-15,1993-05-15,That's the Way Love Goes,Janet Jackson
1993,1993-07-10,1993-07-10,Weak,SWV
1993,1993-07-24,1993-07-24,Can't Help Falling in Love,UB40
1993,1993-09-11,1993-09-11,Dreamlover,Mariah Carey
1993,1993-11-06,1993-11-06,I'd Do Anything for Love (But I Won't Do That),Meat Loaf
1993,1993-12-11,1993-12-11,Again,Janet Jackson
1993,1993-12-25,1993-12-25,Hero,Mariah Carey
1994,,,,
1994,1994-01-01,1994-01-01,Hero,Mariah Carey
1994,1994-01-22,1994-01-22,All for Love,Bryan Adams / Rod Stewart / Sting
1994,1994-02-12,1994-02-12,The Power of Love,Céline Dion
1994,1994-03-12,1994-03-12,The Sign,Ace of Base
1994,1994-04-09,1994-04-09,Bump n' Grind,R. Kelly
1994,1994-05-07,1994-05-07,The Sign,Ace of Base
1994,1994-05-21,1994-05-21,I Swear,All-4-One
1994,1994-08-06,1994-08-06,Stay (I Missed You),Lisa Loeb & Nine Stories
1994,1994-08-27,1994-08-27,I'll Make Love to You,Boyz II Men
1994,1994-12-03,1994-12-03,On Bended Knee,[ 49 ]
1994,1994-12-17,1994-12-17,Here Comes the Hotstepper,Ini Kamoze
1994,1994-12-31,1994-12-31,On Bended Knee,Boyz II Men
1995,,,,
1995,1995-01-07,1995-01-07,On Bended Knee,Boyz II Men
1995,1995-01-28,1995-01-28,Creep,TLC
1995,1995-02-25,1995-02-25,Take a Bow,Madonna
1995,1995-04-15,1995-04-15,This Is How We Do It,Montell Jordan
1995,1995-06-03,1995-06-03,Have You Ever Really Loved a Woman?,Bryan Adams
1995,1995-07-08,1995-07-08,Waterfalls,TLC
1995,1995-08-26,1995-08-26,Kiss from a Rose,Seal
1995,1995-09-02,1995-09-02,You Are Not Alone,Michael Jackson
1995,1995-09-09,1995-09-09,Gangsta's Paradise,Coolio featuring L.V.
1995,1995-09-30,1995-09-30,Fantasy,Mariah Carey
1995,1995-11-25,1995-11-25,Exhale (Shoop Shoop),Whitney Houston
1995,1995-12-02,1995-12-02,One Sweet Day,Mariah Carey and Boyz II Men
1996,,,,
1996,1996-01-06,1996-01-06,One Sweet Day,Mariah Carey and Boyz II Men
1996,1996-03-23,1996-03-23,Because You Loved Me,Céline Dion
1996,1996-05-04,1996-05-04,Always Be My Baby,Mariah Carey
1996,1996-05-18,1996-05-18,Tha Crossroads,Bone Thugs-n-Harmony
1996,1996-07-13,1996-07-13,"How Do U Want It "" / "" California Love",2Pac featuring K-Ci & JoJo / featuring Dr. Dre and Roger Troutman
1996,1996-07-27,1996-07-27,"You're Makin' Me High "" / "" Let It Flow",Toni Braxton
1996,1996-08-03,1996-08-03,"Macarena"" (Bayside Boys Mix)",Los del Río
1996,1996-11-09,1996-11-09,No Diggity,Blackstreet featuring Dr. Dre
1996,1996-12-07,1996-12-07,Un-Break My Heart,Toni Braxton
1997,,,,
1997,1997-01-04,1997-01-04,Un-Break My Heart,Toni Braxton
1997,1997-02-22,1997-02-22,Wannabe,Spice Girls
1997,1997-03-22,1997-03-22,Can't Nobody Hold Me Down,Puff Daddy featuring Mase
1997,1997-05-03,1997-05-03,Hypnotize,The Notorious B.I.G.
1997,1997-05-24,1997-05-24,MMMBop,Hanson
1997,1997-06-14,1997-06-14,I'll Be Missing You,Puff Daddy and Faith Evans featuring 112
1997,1997-08-30,1997-08-30,Mo Money Mo Problems,The Notorious B.I.G. featuring Puff Daddy and Mase
1997,1997-09-13,1997-09-13,Honey,Mariah Carey
1997,1997-10-04,1997-10-04,4 Seasons of Loneliness,Boyz II Men
1997,1997-10-11,1997-10-11,"Candle in the Wind 1997 "" / "" Something About the Way You Look Tonight ""†",Elton John
1998,,,,
1998,1998-01-03,1998-01-03,"Candle in the Wind 1997 "" / "" Something About the Way You Look Tonight",Elton John
1998,1998-01-17,1998-01-17,Truly Madly Deeply,Savage Garden
1998,1998-01-31,1998-01-31,Together Again,Janet
1998,1998-02-14,1998-02-14,Nice & Slow,Usher
1998,1998-02-28,1998-02-28,My Heart Will Go On,Céline Dion
1998,1998-03-14,1998-03-14,Gettin' Jiggy wit It,Will Smith
1998,1998-04-04,1998-04-04,All My Life,K-Ci & JoJo
1998,1998-04-25,1998-04-25,Too Close,Next
1998,1998-05-23,1998-05-23,My All,Mariah Carey
1998,1998-05-30,1998-05-30,Too Close,Next
1998,1998-06-06,1998-06-06,The Boy Is Mine,Brandy and Monica
1998,1998-09-05,1998-09-05,I Don't Want to Miss a Thing,Aerosmith
1998,1998-10-03,1998-10-03,The First Night,Monica
1998,1998-10-17,1998-10-17,One Week,Barenaked Ladies
1998,1998-10-24,1998-10-24,The First Night,Monica
1998,1998-11-14,1998-11-14,Doo Wop (That Thing),Lauryn Hill
1998,1998-11-28,1998-11-28,Lately,Divine
1998,1998-12-05,1998-12-05,I'm Your Angel,R. Kelly and Céline Dion
1999,,,,
1999,1999-01-02,1999-01-02,I'm Your Angel,R. Kelly and Céline Dion
1999,1999-01-16,1999-01-16,Have You Ever?,Brandy
1999,1999-01-30,1999-01-30,...Baby One More Time,Britney Spears
1999,1999-02-13,1999-02-13,Angel of Mine,Monica
1999,1999-03-13,1999-03-13,"Believe ""†",Cher
1999,1999-04-10,1999-04-10,No Scrubs,TLC
1999,1999-05-08,1999-05-08,Livin' la Vida Loca,Ricky Martin
1999,1999-06-12,1999-06-12,If You Had My Love,Jennifer Lopez
1999,1999-07-17,1999-07-17,"Bills, Bills, Bills",Destiny's Child
1999,1999-07-24,1999-07-24,Wild Wild West,Will Smith featuring Dru Hill and Kool Moe Dee
1999,1999-07-31,1999-07-31,Genie in a Bottle,Christina Aguilera
1999,1999-09-04,1999-09-04,Bailamos,Enrique Iglesias
1999,1999-09-18,1999-09-18,Unpretty,TLC
1999,1999-10-09,1999-10-09,Heartbreaker,Mariah Carey featuring Jay-Z
1999,1999-10-23,1999-10-23,Smooth,Santana featuring Rob Thomas
2000,,,,
2000,2000-01-01,2000-01-01,Smooth,Santana featuring Rob Thomas
2000,2000-01-15,2000-01-15,What a Girl Wants,Christina Aguilera
2000,2000-01-29,2000-01-29,I Knew I Loved You,Savage Garden
2000,2000-02-19,2000-02-19,Thank God I Found You,Mariah Carey featuring Joe and 98 Degrees
2000,2000-02-26,2000-02-26,I Knew I Loved You,Savage Garden
2000,2000-03-04,2000-03-04,Amazed,Lonestar
2000,2000-03-18,2000-03-18,Say My Name,Destiny's Child
2000,2000-04-08,2000-04-08,Maria Maria,Santana featuring The Product G&B
2000,2000-06-17,2000-06-17,Try Again,Aaliyah
2000,2000-06-24,2000-06-24,Be with You,Enrique Iglesias
2000,2000-07-15,2000-07-15,Everything You Want,Vertical Horizon
2000,2000-07-22,2000-07-22,Bent,Matchbox Twenty
2000,2000-07-29,2000-07-29,It's Gonna Be Me,NSYNC
2000,2000-08-12,2000-08-12,Incomplete,Sisqó
2000,2000-08-26,2000-08-26,Doesn't Really Matter,Janet
2000,2000-09-16,2000-09-16,Music,Madonna
2000,2000-10-14,2000-10-14,Come On Over Baby (All I Want Is You),Christina Aguilera
2000,2000-11-11,2000-11-11,With Arms Wide Open,Creed
2000,2000-11-18,2000-11-18,Independent Women,Destiny's Child
2001,,,,
2001,2001-01-06,2001-01-06,Independent Women,Destiny's Child
2001,2001-02-03,2001-02-03,It Wasn't Me,"Shaggy featuring Ricardo ""RikRok"" Ducent"
2001,2001-02-17,2001-02-17,Ms. Jackson,OutKast
2001,2001-02-24,2001-02-24,Stutter,Joe featuring Mystikal
2001,2001-03-24,2001-03-24,Butterfly,Crazy Town
2001,2001-03-31,2001-03-31,Angel,Shaggy featuring Rayvon
2001,2001-04-07,2001-04-07,Butterfly,Crazy Town
2001,2001-04-14,2001-04-14,All for You,Janet Jackson
2001,2001-06-02,2001-06-02,Lady Marmalade,"Christina Aguilera , Lil' Kim , Mýa and Pink"
2001,2001-07-07,2001-07-07,U Remind Me,Usher
2001,2001-08-04,2001-08-04,Bootylicious,Destiny's Child
2001,2001-08-18,2001-08-18,Fallin,Alicia Keys
2001,2001-09-08,2001-09-08,I'm Real (Murder Remix),Jennifer Lopez featuring Ja Rule
2001,2001-09-29,2001-09-29,Fallin,Alicia Keys
2001,2001-10-20,2001-10-20,I'm Real (Murder Remix),Jennifer Lopez featuring Ja Rule
2001,2001-11-03,2001-11-03,Family Affair,Mary J. Blige
2001,2001-12-15,2001-12-15,U Got It Bad,Usher
2001,2001-12-22,2001-12-22,How You Remind Me,Nickelback
2002,,,,
2002,2002-01-05,2002-01-05,"How You Remind Me "" †",Nickelback
2002,2002-01-19,2002-01-19,U Got It Bad,Usher
2002,2002-02-23,2002-02-23,Always on Time,Ja Rule featuring Ashanti
2002,2002-03-09,2002-03-09,Ain't It Funny (Murder Remix),Jennifer Lopez featuring Ja Rule
2002,2002-04-20,2002-04-20,Foolish,Ashanti
2002,2002-06-29,2002-06-29,Hot in Herre,Nelly
2002,2002-08-17,2002-08-17,Dilemma,Nelly featuring Kelly Rowland
2002,2002-10-05,2002-10-05,A Moment Like This,Kelly Clarkson
2002,2002-10-19,2002-10-19,Dilemma,Nelly featuring Kelly Rowland
2002,2002-11-09,2002-11-09,Lose Yourself,Eminem
2003,,,,
2003,2003-01-04,2003-01-04,Lose Yourself,Eminem
2003,2003-02-01,2003-02-01,"Bump, Bump, Bump",B2K featuring P. Diddy
2003,2003-02-08,2003-02-08,All I Have,Jennifer Lopez featuring LL Cool J
2003,2003-03-08,2003-03-08,"In da Club "" †",50 Cent
2003,2003-05-10,2003-05-10,Get Busy,Sean Paul
2003,2003-05-31,2003-05-31,21 Questions,50 Cent featuring Nate Dogg
2003,2003-06-28,2003-06-28,This Is the Night,Clay Aiken
2003,2003-07-12,2003-07-12,Crazy in Love,Beyoncé featuring Jay-Z
2003,2003-09-06,2003-09-06,Shake Ya Tailfeather,"Nelly , P. Diddy and Murphy Lee"
2003,2003-10-04,2003-10-04,Baby Boy,Beyoncé featuring Sean Paul
2003,2003-12-06,2003-12-06,Stand Up,Ludacris featuring Shawnna
2003,2003-12-13,2003-12-13,Hey Ya!,OutKast
2004,,,,
2004,2004-01-03,2004-01-03,Hey Ya!,OutKast
2004,2004-02-14,2004-02-14,The Way You Move,OutKast featuring Sleepy Brown
2004,2004-02-21,2004-02-21,Slow Jamz,Twista featuring Kanye West and Jamie Foxx
2004,2004-02-28,2004-02-28,"Yeah! "" †",Usher featuring Lil Jon and Ludacris
2004,2004-05-22,2004-05-22,Burn,Usher
2004,2004-07-10,2004-07-10,I Believe,Fantasia
2004,2004-07-17,2004-07-17,Burn,Usher
2004,2004-07-24,2004-07-24,Confessions Part II,[ 68 ] [ 69 ]
2004,2004-08-07,2004-08-07,Slow Motion,Juvenile featuring Soulja Slim
2004,2004-08-21,2004-08-21,Lean Back,Terror Squad
2004,2004-09-11,2004-09-11,Goodies,Ciara featuring Petey Pablo
2004,2004-10-30,2004-10-30,My Boo,Usher and Alicia Keys
2004,2004-12-11,2004-12-11,Drop It Like It's Hot,Snoop Dogg featuring Pharrell
2005,,,,
2005,2005-01-01,2005-01-01,Let Me Love You,Mario
2005,2005-03-05,2005-03-05,Candy Shop,50 Cent featuring Olivia
2005,2005-05-07,2005-05-07,Hollaback Girl,Gwen Stefani
2005,2005-06-04,2005-06-04,"We Belong Together ""†",Mariah Carey
2005,2005-07-02,2005-07-02,Inside Your Heaven,Carrie Underwood
2005,2005-07-09,2005-07-09,"We Belong Together""†",Mariah Carey
2005,2005-09-17,2005-09-17,Gold Digger,Kanye West featuring Jamie Foxx
2005,2005-11-26,2005-11-26,Run It!,Chris Brown
2005,2005-12-31,2005-12-31,Don't Forget About Us,Mariah Carey
2006,,,,
2006,2006-01-07,2006-01-07,Don't Forget About Us,Mariah Carey
2006,2006-01-14,2006-01-14,Laffy Taffy,D4L
2006,2006-01-21,2006-01-21,Grillz,"Nelly featuring Paul Wall , Ali & Gipp"
2006,2006-02-04,2006-02-04,Check on It,Beyoncé featuring Slim Thug
2006,2006-03-11,2006-03-11,You're Beautiful,James Blunt
2006,2006-03-18,2006-03-18,So Sick,Ne-Yo
2006,2006-04-01,2006-04-01,Temperature,Sean Paul
2006,2006-04-08,2006-04-08,"Bad Day ""†",Daniel Powter
2006,2006-05-13,2006-05-13,SOS,Rihanna
2006,2006-06-03,2006-06-03,Ridin,Chamillionaire featuring Krayzie Bone
2006,2006-06-17,2006-06-17,Hips Don't Lie,Shakira featuring Wyclef Jean
2006,2006-07-01,2006-07-01,Do I Make You Proud,Taylor Hicks
2006,2006-07-08,2006-07-08,Promiscuous,Nelly Furtado featuring Timbaland
2006,2006-08-19,2006-08-19,London Bridge,Fergie
2006,2006-09-09,2006-09-09,SexyBack,Justin Timberlake
2006,2006-10-28,2006-10-28,Money Maker,Ludacris featuring Pharrell
2006,2006-11-11,2006-11-11,My Love,Justin Timberlake featuring T.I.
2006,2006-12-02,2006-12-02,I Wanna Love You,Akon featuring Snoop Dogg
2006,2006-12-16,2006-12-16,Irreplaceable,Beyoncé
2007,,,,
2007,2007-01-06,2007-01-06,"Irreplaceable ""†",Beyoncé
2007,2007-02-24,2007-02-24,Say It Right,Nelly Furtado
2007,2007-03-03,2007-03-03,What Goes Around...Comes Around,Justin Timberlake
2007,2007-03-10,2007-03-10,This Is Why I'm Hot,Mims
2007,2007-03-24,2007-03-24,Glamorous,Fergie featuring Ludacris
2007,2007-04-07,2007-04-07,Don't Matter,Akon
2007,2007-04-21,2007-04-21,Give It to Me,Timbaland featuring Nelly Furtado and Justin Timberlake
2007,2007-05-05,2007-05-05,Girlfriend,Avril Lavigne
2007,2007-05-12,2007-05-12,Makes Me Wonder,Maroon 5
2007,2007-05-26,2007-05-26,Buy U a Drank (Shawty Snappin'),T-Pain featuring Yung Joc
2007,2007-06-02,2007-06-02,Makes Me Wonder,Maroon 5
2007,2007-06-09,2007-06-09,Umbrella,Rihanna featuring Jay-Z
2007,2007-07-28,2007-07-28,Hey There Delilah,Plain White T's
2007,2007-08-11,2007-08-11,Beautiful Girls,Sean Kingston
2007,2007-09-08,2007-09-08,Big Girls Don't Cry,Fergie
2007,2007-09-15,2007-09-15,Crank That (Soulja Boy),Soulja Boy Tell 'Em
2007,2007-09-29,2007-09-29,Stronger,Kanye West
2007,2007-10-06,2007-10-06,Crank That (Soulja Boy),Soulja Boy Tell 'Em
2007,2007-11-10,2007-11-10,Kiss Kiss,Chris Brown featuring T-Pain
2007,2007-12-01,2007-12-01,No One,Alicia Keys
2008,,,,
2008,2008-01-05,2008-01-05,"Low ""†",Flo Rida featuring T-Pain
2008,2008-03-15,2008-03-15,Love in This Club,Usher featuring Young Jeezy
2008,2008-04-05,2008-04-05,Bleeding Love,Leona Lewis
2008,2008-04-12,2008-04-12,Touch My Body,Mariah Carey
2008,2008-04-26,2008-04-26,Bleeding Love,Leona Lewis
2008,2008-05-03,2008-05-03,Lollipop,Lil Wayne featuring Static Major
2008,2008-05-10,2008-05-10,Bleeding Love,Leona Lewis
2008,2008-05-24,2008-05-24,Take a Bow,Rihanna
2008,2008-05-31,2008-05-31,Lollipop,Lil Wayne featuring Static Major
2008,2008-06-28,2008-06-28,Viva la Vida,Coldplay
2008,2008-07-05,2008-07-05,I Kissed a Girl,Katy Perry
2008,2008-08-23,2008-08-23,Disturbia,Rihanna
2008,2008-09-06,2008-09-06,Whatever You Like,T.I.
2008,2008-09-27,2008-09-27,So What,Pink
2008,2008-10-04,2008-10-04,Whatever You Like,T.I.
2008,2008-10-18,2008-10-18,Live Your Life,T.I. featuring Rihanna
2008,2008-10-25,2008-10-25,Womanizer,Britney Spears
2008,2008-11-01,2008-11-01,Whatever You Like,T.I.
2008,2008-11-15,2008-11-15,Live Your Life,T.I. featuring Rihanna
2008,2008-12-13,2008-12-13,Single Ladies (Put a Ring on It),Beyoncé
2008,2008-12-20,2008-12-20,Live Your Life,T.I. featuring Rihanna
2008,2008-12-27,2008-12-27,Single Ladies (Put a Ring on It),Beyoncé
2009,,,,
2009,2009-01-03,2009-01-03,Single Ladies (Put a Ring on It),Beyoncé
2009,2009-01-17,2009-01-17,Just Dance,Lady Gaga featuring Colby O'Donis
2009,2009-02-07,2009-02-07,My Life Would Suck Without You,Kelly Clarkson
2009,2009-02-21,2009-02-21,Crack a Bottle,"Eminem , Dr. Dre and 50 Cent"
2009,2009-02-28,2009-02-28,Right Round,Flo Rida
2009,2009-04-11,2009-04-11,Poker Face,Lady Gaga
2009,2009-04-18,2009-04-18,"Boom Boom Pow ""†",The Black Eyed Peas
2009,2009-07-11,2009-07-11,I Gotta Feeling,[ 62 ] [ 63 ]
2009,2009-10-17,2009-10-17,Down,Jay Sean featuring Lil Wayne
2009,2009-10-24,2009-10-24,3,Britney Spears
2009,2009-10-31,2009-10-31,Down,Jay Sean featuring Lil Wayne
2009,2009-11-07,2009-11-07,Fireflies,Owl City
2009,2009-11-14,2009-11-14,Whatcha Say,Jason Derulo
2009,2009-11-21,2009-11-21,Fireflies,Owl City
2009,2009-11-28,2009-11-28,Empire State of Mind,Jay-Z and Alicia Keys
2010,,,,
2010,2010-01-02,2010-01-02,"Tik Tok ""†",Kesha
2010,2010-03-06,2010-03-06,Imma Be,The Black Eyed Peas
2010,2010-03-20,2010-03-20,Break Your Heart,Taio Cruz featuring Ludacris
2010,2010-03-27,2010-03-27,Rude Boy,Rihanna
2010,2010-05-01,2010-05-01,Nothin' on You,B.o.B featuring Bruno Mars
2010,2010-05-15,2010-05-15,OMG,Usher featuring will.i.am
2010,2010-05-22,2010-05-22,Not Afraid,Eminem
2010,2010-05-29,2010-05-29,OMG,Usher featuring will.i.am
2010,2010-06-19,2010-06-19,California Gurls,Katy Perry featuring Snoop Dogg
2010,2010-07-31,2010-07-31,Love the Way You Lie,Eminem featuring Rihanna
2010,2010-09-18,2010-09-18,Teenage Dream,Katy Perry
2010,2010-10-02,2010-10-02,Just the Way You Are,Bruno Mars
2010,2010-10-30,2010-10-30,Like a G6,Far East Movement featuring The Cataracs and Dev
2010,2010-11-13,2010-11-13,We R Who We R,Kesha
2010,2010-11-20,2010-11-20,What's My Name?,Rihanna featuring Drake
2010,2010-11-27,2010-11-27,Like a G6,Far East Movement featuring The Cataracs and Dev
2010,2010-12-04,2010-12-04,Only Girl (In the World),Rihanna
2010,2010-12-11,2010-12-11,Raise Your Glass,Pink
2010,2010-12-18,2010-12-18,Firework,Katy Perry
2011,,,,
2011,2011-01-01,2011-01-01,Firework,Katy Perry
2011,2011-01-08,2011-01-08,Grenade,Bruno Mars
2011,2011-01-15,2011-01-15,Firework,Katy Perry
2011,2011-01-22,2011-01-22,Grenade,Bruno Mars
2011,2011-01-29,2011-01-29,Hold It Against Me,Britney Spears
2011,2011-02-05,2011-02-05,Grenade,Bruno Mars
2011,2011-02-19,2011-02-19,Black and Yellow,Wiz Khalifa
2011,2011-02-26,2011-02-26,Born This Way,Lady Gaga
2011,2011-04-09,2011-04-09,E.T.,Katy Perry featuring Kanye West
2011,2011-04-30,2011-04-30,S&M,Rihanna featuring Britney Spears
2011,2011-05-07,2011-05-07,E.T.,Katy Perry featuring Kanye West
2011,2011-05-21,2011-05-21,"Rolling in the Deep ""†",Adele
2011,2011-07-09,2011-07-09,Give Me Everything,"Pitbull featuring Ne-Yo , Afrojack and Nayer"
2011,2011-07-16,2011-07-16,Party Rock Anthem,LMFAO featuring Lauren Bennett and GoonRock
2011,2011-08-27,2011-08-27,Last Friday Night (T.G.I.F.),Katy Perry
2011,2011-09-10,2011-09-10,Moves Like Jagger,Maroon 5 featuring Christina Aguilera
2011,2011-09-17,2011-09-17,Someone Like You,Adele
2011,2011-09-24,2011-09-24,Moves Like Jagger,Maroon 5 featuring Christina Aguilera
2011,2011-10-15,2011-10-15,Someone Like You,Adele
2011,2011-11-12,2011-11-12,We Found Love,Rihanna featuring Calvin Harris
2012,,,,
2012,2012-01-07,2012-01-07,Sexy and I Know It,LMFAO
2012,2012-01-21,2012-01-21,We Found Love,Rihanna featuring Calvin Harris
2012,2012-02-04,2012-02-04,Set Fire to the Rain,Adele
2012,2012-02-18,2012-02-18,Stronger (What Doesn't Kill You),Kelly Clarkson
2012,2012-03-03,2012-03-03,Part of Me,Katy Perry
2012,2012-03-10,2012-03-10,Stronger (What Doesn't Kill You),Kelly Clarkson
2012,2012-03-17,2012-03-17,We Are Young,Fun featuring Janelle Monáe
2012,2012-04-28,2012-04-28,"Somebody That I Used to Know ""†",Gotye featuring Kimbra
2012,2012-06-23,2012-06-23,Call Me Maybe,Carly Rae Jepsen
2012,2012-08-25,2012-08-25,Whistle,Flo Rida
2012,2012-09-01,2012-09-01,We Are Never Ever Getting Back Together,Taylor Swift
2012,2012-09-15,2012-09-15,Whistle,Flo Rida
2012,2012-09-22,2012-09-22,We Are Never Ever Getting Back Together,Taylor Swift
2012,2012-09-29,2012-09-29,One More Night,Maroon 5
2012,2012-12-01,2012-12-01,Diamonds,Rihanna
2012,2012-12-22,2012-12-22,Locked Out of Heaven,Bruno Mars
2013,,,,
2013,2013-01-05,2013-01-05,Locked Out of Heaven,Bruno Mars
2013,2013-02-02,2013-02-02,"Thrift Shop "" † [ 4 ]",Macklemore & Ryan Lewis featuring Wanz
2013,2013-03-02,2013-03-02,Harlem Shake,Baauer
2013,2013-04-06,2013-04-06,"Thrift Shop"" † [ 4 ]",Macklemore & Ryan Lewis featuring Wanz
2013,2013-04-20,2013-04-20,When I Was Your Man,Bruno Mars
2013,2013-04-27,2013-04-27,Just Give Me a Reason,Pink featuring Nate Ruess
2013,2013-05-18,2013-05-18,Can't Hold Us,Macklemore & Ryan Lewis featuring Ray Dalton
2013,2013-06-22,2013-06-22,Blurred Lines,Robin Thicke featuring T.I. and Pharrell
2013,2013-09-14,2013-09-14,Roar,Katy Perry
2013,2013-09-28,2013-09-28,Wrecking Ball,Miley Cyrus
2013,2013-10-12,2013-10-12,Royals,Lorde
2013,2013-12-14,2013-12-14,Wrecking Ball,Miley Cyrus
2013,2013-12-21,2013-12-21,The Monster,Eminem featuring Rihanna
2014,,,,
2014,2014-01-04,2014-01-04,The Monster,Eminem featuring Rihanna
2014,2014-01-18,2014-01-18,Timber,Pitbull featuring Kesha
2014,2014-02-08,2014-02-08,Dark Horse,Katy Perry featuring Juicy J
2014,2014-03-08,2014-03-08,"Happy "" † [ 1 ]",Pharrell Williams
2014,2014-05-17,2014-05-17,All of Me,John Legend
2014,2014-06-07,2014-06-07,Fancy,Iggy Azalea featuring Charli XCX
2014,2014-07-26,2014-07-26,Rude,Magic!
2014,2014-09-06,2014-09-06,Shake It Off,Taylor Swift
2014,2014-09-20,2014-09-20,All About That Bass,Meghan Trainor
2014,2014-11-15,2014-11-15,Shake It Off,Taylor Swift
2014,2014-11-29,2014-11-29,Blank Space,[ 100 ] [ 6 ]
2015,,,,
2015,2015-01-03,2015-01-03,Blank Space,Taylor Swift
2015,2015-01-17,2015-01-17,"Uptown Funk "" †",Mark Ronson featuring Bruno Mars
2015,2015-04-25,2015-04-25,See You Again,Wiz Khalifa featuring Charlie Puth
2015,2015-06-06,2015-06-06,Bad Blood,Taylor Swift featuring Kendrick Lamar
2015,2015-06-13,2015-06-13,See You Again,Wiz Khalifa featuring Charlie Puth
2015,2015-07-25,2015-07-25,Cheerleader,Omi
2015,2015-08-22,2015-08-22,Can't Feel My Face,The Weeknd
2015,2015-08-29,2015-08-29,Cheerleader,Omi
2015,2015-09-12,2015-09-12,Can't Feel My Face,The Weeknd
2015,2015-09-19,2015-09-19,What Do You Mean?,Justin Bieber
2015,2015-09-26,2015-09-26,Can't Feel My Face,The Weeknd
2015,2015-10-03,2015-10-03,The Hills,[ 81 ] [ 82 ]
2015,2015-11-14,2015-11-14,Hello,Adele
2016,,,,
2016,2016-01-02,2016-01-02,Hello,Adele
2016,2016-01-23,2016-01-23,Sorry,Justin Bieber
2016,2016-02-13,2016-02-13,"Love Yourself "" †",[ 15 ] [ 16 ]
2016,2016-02-20,2016-02-20,Pillowtalk,Zayn
2016,2016-02-27,2016-02-27,"Love Yourself"" †",Justin Bieber
2016,2016-03-05,2016-03-05,Work,Rihanna featuring Drake
2016,2016-05-07,2016-05-07,Panda,Desiigner
2016,2016-05-21,2016-05-21,One Dance,Drake featuring Wizkid and Kyla
2016,2016-05-28,2016-05-28,Can't Stop the Feeling!,Justin Timberlake
2016,2016-06-04,2016-06-04,One Dance,Drake featuring Wizkid and Kyla
2016,2016-08-06,2016-08-06,Cheap Thrills,Sia featuring Sean Paul
2016,2016-09-03,2016-09-03,Closer,The Chainsmokers featuring Halsey
2016,2016-11-26,2016-11-26,Black Beatles,Rae Sremmurd featuring Gucci Mane
2017,,,,
2017,2017-01-07,2017-01-07,Starboy,The Weeknd featuring Daft Punk
2017,2017-01-14,2017-01-14,Black Beatles,Rae Sremmurd featuring Gucci Mane
2017,2017-01-21,2017-01-21,Bad and Boujee,Migos featuring Lil Uzi Vert
2017,2017-01-28,2017-01-28,"Shape of You "" †",Ed Sheeran
2017,2017-02-04,2017-02-04,Bad and Boujee,Migos featuring Lil Uzi Vert
2017,2017-02-18,2017-02-18,"Shape of You"" †",Ed Sheeran
2017,2017-05-06,2017-05-06,Humble,Kendrick Lamar
2017,2017-05-13,2017-05-13,That's What I Like,Bruno Mars
2017,2017-05-20,2017-05-20,I'm the One,"DJ Khaled featuring Justin Bieber , Quavo , Chance the Rapper and Lil Wayne"
2017,2017-05-27,2017-05-27,Despacito,Luis Fonsi and Daddy Yankee featuring Justin Bieber
2017,2017-09-16,2017-09-16,Look What You Made Me Do,Taylor Swift
2017,2017-10-07,2017-10-07,Bodak Yellow,Cardi B
2017,2017-10-28,2017-10-28,Rockstar,Post Malone featuring 21 Savage
2017,2017-12-23,2017-12-23,Perfect,Ed Sheeran and Beyoncé
2018,,,,
2018,2018-01-03,2018-01-03,Perfect,Ed Sheeran and Beyoncé
2018,2018-01-27,2018-01-27,Havana,Camila Cabello featuring Young Thug
2018,2018-02-03,2018-02-03,"God's Plan "" †",Drake
2018,2018-04-21,2018-04-21,Nice for What,[ 34 ] [ 35 ]
2018,2018-05-19,2018-05-19,This Is America,Childish Gambino
2018,2018-06-02,2018-06-02,Nice for What,Drake
2018,2018-06-16,2018-06-16,Psycho,Post Malone featuring Ty Dolla Sign
2018,2018-06-23,2018-06-23,Nice for What,Drake
2018,2018-06-30,2018-06-30,Sad!,XXXTentacion
2018,2018-07-07,2018-07-07,I Like It,"Cardi B , Bad Bunny and J Balvin"
2018,2018-07-14,2018-07-14,Nice for What,Drake
2018,2018-07-21,2018-07-21,In My Feelings,[ 60 ] [ 61 ]
2018,2018-09-29,2018-09-29,Girls Like You,Maroon 5 featuring Cardi B
2018,2018-11-17,2018-11-17,"Thank U, Next",Ariana Grande
2018,2018-12-08,2018-12-08,Sicko Mode,Travis Scott
2018,2018-12-15,2018-12-15,"Thank U, Next",Ariana Grande
2019,,,,
2019,2019-01-05,2019-01-05,"Thank U, Next",Ariana Grande
2019,2019-01-12,2019-01-12,Without Me,Halsey
2019,2019-01-19,2019-01-19,Sunflower,Post Malone and Swae Lee
2019,2019-01-26,2019-01-26,Without Me,Halsey
2019,2019-02-02,2019-02-02,7 Rings,Ariana Grande
2019,2019-03-09,2019-03-09,Shallow,Lady Gaga and Bradley Cooper
2019,2019-03-16,2019-03-16,Sucker,Jonas Brothers
2019,2019-03-23,2019-03-23,7 Rings,Ariana Grande
2019,2019-04-13,2019-04-13,"Old Town Road "" †",Lil Nas X
2019,2019-08-24,2019-08-24,Bad Guy,Billie Eilish
2019,2019-08-31,2019-08-31,Señorita,Shawn Mendes and Camila Cabello
2019,2019-09-07,2019-09-07,Truth Hurts,Lizzo
2019,2019-10-19,2019-10-19,Highest in the Room,Travis Scott
2019,2019-10-26,2019-10-26,Truth Hurts,Lizzo
2019,2019-11-02,2019-11-02,Someone You Loved,Lewis Capaldi
2019,2019-11-09,2019-11-09,Lose You to Love Me,Selena Gomez
2019,2019-11-16,2019-11-16,Someone You Loved,Lewis Capaldi
2019,2019-11-30,2019-11-30,Circles,Post Malone
2019,2019-12-14,2019-12-14,Heartless,The Weeknd
2019,2019-12-21,2019-12-21,All I Want for Christmas Is You,Mariah Carey
2020,,,,
2020,2020-01-04,2020-01-04,All I Want for Christmas Is You,Mariah Carey
2020,2020-01-11,2020-01-11,Circles,Post Malone
2020,2020-01-18,2020-01-18,The Box,Roddy Ricch
2020,2020-04-04,2020-04-04,"Blinding Lights "" †",The Weeknd
2020,2020-04-18,2020-04-18,Toosie Slide,Drake
2020,2020-04-25,2020-04-25,"Blinding Lights"" †",The Weeknd
2020,2020-05-09,2020-05-09,The Scotts,"The Scotts, [ a ] Travis Scott and Kid Cudi"
2020,2020-05-16,2020-05-16,Say So,Doja Cat featuring Nicki Minaj
2020,2020-05-23,2020-05-23,Stuck with U,Ariana Grande and Justin Bieber
2020,2020-05-30,2020-05-30,Savage,Megan Thee Stallion featuring Beyoncé
2020,2020-06-06,2020-06-06,Rain on Me,Lady Gaga and Ariana Grande
2020,2020-06-13,2020-06-13,Rockstar,DaBaby featuring Roddy Ricch
2020,2020-06-27,2020-06-27,Trollz,6ix9ine and Nicki Minaj
2020,2020-07-04,2020-07-04,Rockstar,DaBaby featuring Roddy Ricch
2020,2020-08-08,2020-08-08,Cardigan,Taylor Swift
2020,2020-08-15,2020-08-15,Watermelon Sugar,Harry Styles
2020,2020-08-22,2020-08-22,WAP,Cardi B featuring Megan Thee Stallion
2020,2020-09-05,2020-09-05,Dynamite,BTS
2020,2020-09-19,2020-09-19,WAP,Cardi B featuring Megan Thee Stallion
2020,2020-10-03,2020-10-03,Dynamite,BTS
2020,2020-10-10,2020-10-10,Franchise,Travis Scott featuring Young Thug and M.I.A.
2020,2020-10-17,2020-10-17,Savage Love (Laxed – Siren Beat),"Jawsh 685 , Jason Derulo and BTS"
2020,2020-10-24,2020-10-24,Mood,24kGoldn featuring Iann Dior
2020,2020-11-07,2020-11-07,Positions,Ariana Grande
2020,2020-11-14,2020-11-14,Mood,24kGoldn featuring Iann Dior
2020,2020-12-05,2020-12-05,Life Goes On,BTS
2020,2020-12-12,2020-12-12,Mood,24kGoldn featuring Iann Dior
2020,2020-12-19,2020-12-19,All I Want for Christmas Is You,Mariah Carey
2020,2020-12-26,2020-12-26,Willow,Taylor Swift
2021,,,,
2021,2021-01-02,2021-01-02,All I Want for Christmas Is You,Mariah Carey
2021,2021-01-09,2021-01-09,Mood,24kGoldn featuring Iann Dior
2021,2021-01-23,2021-01-23,Drivers License,Olivia Rodrigo
2021,2021-03-20,2021-03-20,What's Next,Drake
2021,2021-03-27,2021-03-27,Up,Cardi B
2021,2021-04-03,2021-04-03,Peaches,Justin Bieber featuring Daniel Caesar and Giveon
2021,2021-04-10,2021-04-10,Montero (Call Me by Your Name),Lil Nas X
2021,2021-04-17,2021-04-17,Leave the Door Open,Silk Sonic ( Bruno Mars and Anderson .Paak ) [ note 1 ]
2021,2021-04-24,2021-04-24,Rapstar,Polo G
2021,2021-05-08,2021-05-08,Save Your Tears,The Weeknd and Ariana Grande
2021,2021-05-22,2021-05-22,Leave the Door Open,Silk Sonic (Bruno Mars and Anderson .Paak)
2021,2021-05-29,2021-05-29,Good 4 U,Olivia Rodrigo
2021,2021-06-05,2021-06-05,Butter,BTS
2021,2021-07-24,2021-07-24,Permission to Dance,[ 62 ] [ 63 ]
2021,2021-07-31,2021-07-31,Butter,[ 64 ] [ 65 ]
2021,2021-08-14,2021-08-14,Stay,The Kid Laroi and Justin Bieber
2021,2021-09-11,2021-09-11,Butter,BTS
2021,2021-09-18,2021-09-18,Way 2 Sexy,Drake featuring Future and Young Thug
2021,2021-09-25,2021-09-25,Stay,The Kid Laroi and Justin Bieber
2021,2021-10-09,2021-10-09,My Universe,Coldplay and BTS
2021,2021-10-16,2021-10-16,Stay,The Kid Laroi and Justin Bieber
2021,2021-10-23,2021-10-23,Industry Baby,Lil Nas X and Jack Harlow
2021,2021-10-30,2021-10-30,Easy on Me,Adele
2021,2021-11-27,2021-11-27,All Too Well (Taylor's Version),Taylor Swift
2021,2021-12-04,2021-12-04,Easy on Me,Adele
2021,2021-12-25,2021-12-25,All I Want for Christmas Is You,Mariah Carey
2022,,,,
2022,2022-01-01,2022-01-01,All I Want for Christmas Is You,Mariah Carey
2022,2022-01-15,2022-01-15,Easy on Me,Adele
2022,2022-02-05,2022-02-05,We Don't Talk About Bruno,"Carolina Gaitán , Mauro Castillo, Adassa , Rhenzy Feliz , Diane Guerrero , Stephanie Beatriz and the Encanto cast"
2022,2022-03-12,2022-03-12,"Heat Waves "" †",Glass Animals
2022,2022-04-16,2022-04-16,As It Was,Harry Styles
2022,2022-04-23,2022-04-23,First Class,Jack Harlow
2022,2022-04-30,2022-04-30,As It Was,Harry Styles
2022,2022-05-14,2022-05-14,Wait for U,Future featuring Drake and Tems
2022,2022-05-21,2022-05-21,First Class,Jack Harlow
2022,2022-06-04,2022-06-04,As It Was,Harry Styles
2022,2022-07-02,2022-07-02,Jimmy Cooks,Drake featuring 21 Savage
2022,2022-07-09,2022-07-09,As It Was,Harry Styles
2022,2022-07-30,2022-07-30,About Damn Time,Lizzo
2022,2022-08-13,2022-08-13,Break My Soul,Beyoncé
2022,2022-08-27,2022-08-27,Super Freaky Girl,Nicki Minaj
2022,2022-09-03,2022-09-03,As It Was,Harry Styles
2022,2022-10-08,2022-10-08,Bad Habit,Steve Lacy
2022,2022-10-29,2022-10-29,Unholy,Sam Smith and Kim Petras
2022,2022-11-05,2022-11-05,Anti-Hero,Taylor Swift
2022,2022-12-17,2022-12-17,All I Want for Christmas Is You,Mariah Carey
2023,,,,
2023,2023-01-07,2023-01-07,All I Want for Christmas Is You,Mariah Carey
2023,2023-01-14,2023-01-14,Anti-Hero,Taylor Swift
2023,2023-01-28,2023-01-28,Flowers,Miley Cyrus
2023,2023-03-11,2023-03-11,Die for You,The Weeknd and Ariana Grande
2023,2023-03-18,2023-03-18,"Last Night "" †",Morgan Wallen
2023,2023-03-25,2023-03-25,Flowers,Miley Cyrus
2023,2023-04-08,2023-04-08,Like Crazy,Jimin
2023,2023-04-15,2023-04-15,"Last Night"" †",Morgan Wallen
2023,2023-04-29,2023-04-29,Kill Bill,SZA
2023,2023-05-06,2023-05-06,"Last Night"" †",Morgan Wallen
2023,2023-07-15,2023-07-15,Vampire,Olivia Rodrigo
2023,2023-07-22,2023-07-22,"Last Night"" †",Morgan Wallen
2023,2023-07-29,2023-07-29,Seven,Jung Kook featuring Latto
2023,2023-08-05,2023-08-05,Try That in a Small Town,Jason Aldean
2023,2023-08-12,2023-08-12,"Last Night"" †",Morgan Wallen
2023,2023-08-26,2023-08-26,Rich Men North of Richmond,Oliver Anthony Music
2023,2023-09-09,2023-09-09,I Remember Everything,Zach Bryan featuring Kacey Musgraves
2023,2023-09-16,2023-09-16,Paint the Town Red,Doja Cat
2023,2023-09-23,2023-09-23,Vampire,Olivia Rodrigo
2023,2023-09-30,2023-09-30,Slime You Out,Drake featuring SZA
2023,2023-10-07,2023-10-07,Paint the Town Red,Doja Cat
2023,2023-10-21,2023-10-21,First Person Shooter,Drake featuring J. Cole
2023,2023-10-28,2023-10-28,Cruel Summer,Taylor Swift
2023,2023-11-11,2023-11-11,Is It Over Now?,[ 92 ] [ 6 ]
2023,2023-11-18,2023-11-18,Cruel Summer,[ 93 ] [ 94 ]
2023,2023-12-02,2023-12-02,Lovin on Me,Jack Harlow
2023,2023-12-09,2023-12-09,Rockin' Around the Christmas Tree,Brenda Lee
2023,2023-12-23,2023-12-23,All I Want for Christmas Is You,Mariah Carey
2024,,,,
2024,2024-01-06,2024-01-06,Rockin' Around the Christmas Tree,Brenda Lee
2024,2024-01-13,2024-01-13,Lovin on Me,Jack Harlow
2024,2024-01-27,2024-01-27,"Yes, And?",Ariana Grande
2024,2024-02-03,2024-02-03,Lovin on Me,Jack Harlow
2024,2024-02-10,2024-02-10,Hiss,Megan Thee Stallion
2024,2024-02-17,2024-02-17,Lovin on Me,Jack Harlow
2024,2024-03-02,2024-03-02,Texas Hold 'Em,Beyoncé
2024,2024-03-16,2024-03-16,Carnival,¥$ : Ye and Ty Dolla Sign featuring Rich the Kid and Playboi Carti
2024,2024-03-23,2024-03-23,We Can't Be Friends (Wait for Your Love),Ariana Grande
2024,2024-03-30,2024-03-30,"Lose Control "" †",Teddy Swims
2024,2024-04-06,2024-04-06,Like That,"Future , Metro Boomin and Kendrick Lamar"
2024,2024-04-27,2024-04-27,Too Sweet,Hozier
2024,2024-05-04,2024-05-04,Fortnight,Taylor Swift featuring Post Malone
2024,2024-05-18,2024-05-18,Not Like Us,Kendrick Lamar
2024,2024-05-25,2024-05-25,I Had Some Help,Post Malone featuring Morgan Wallen
2024,2024-06-29,2024-06-29,Please Please Please,Sabrina Carpenter
2024,2024-07-06,2024-07-06,I Had Some Help,Post Malone featuring Morgan Wallen
2024,2024-07-13,2024-07-13,A Bar Song (Tipsy),Shaboozey
2024,2024-07-20,2024-07-20,Not Like Us,Kendrick Lamar
2024,2024-07-27,2024-07-27,A Bar Song (Tipsy),Shaboozey
2024,2024-11-02,2024-11-02,Love Somebody,Morgan Wallen
2024,2024-11-09,2024-11-09,A Bar Song (Tipsy),Shaboozey
2024,2024-12-07,2024-12-07,Squabble Up,Kendrick Lamar
2024,2024-12-14,2024-12-14,All I Want for Christmas Is You,Mariah Carey
2025,,,,
2025,2025-01-04,2025-01-04,All I Want for Christmas Is You,Mariah Carey
2025,2025-01-11,2025-01-11,"Die with a Smile "" †",Lady Gaga and Bruno Mars
2025,2025-02-08,2025-02-08,4x4,Travis Scott
2025,2025-02-15,2025-02-15,"Die with a Smile"" †",Lady Gaga and Bruno Mars
2025,2025-02-22,2025-02-22,Not Like Us,Kendrick Lamar
2025,2025-03-01,2025-03-01,Luther,Kendrick Lamar and SZA
2025,2025-05-31,2025-05-31,What I Want,Morgan Wallen featuring Tate McRae
2025,2025-06-07,2025-06-07,Ordinary,Alex Warren
2025,2025-06-21,2025-06-21,Manchild,Sabrina Carpenter
2025,2025-06-28,2025-06-28,Ordinary,Alex Warren
2025,2025-08-16,2025-08-16,Golden,"Huntrix : Ejae , Audrey Nuna and Rei Ami"
2025,2025-08-23,2025-08-23,Ordinary,Alex Warren
2025,2025-08-30,2025-08-30,Golden,"Huntrix: Ejae, Audrey Nuna and Rei Ami"
2025,2025-10-18,2025-10-18,The Fate of Ophelia,Taylor Swift
2025,2025-12-13,2025-12-13,All I Want for Christmas Is You,Mariah Carey
